In 219 List,Facility Name,Facility ID,State,Fiscal Year,PSI 90 Composite Value,PSI 90 Composite Value Footnote,PSI 90 W Z Score,PSI 90 W Z Footnote,PSI 90 Start Date,PSI 90 End Date,CLABSI SIR,CLABSI SIR Footnote,CLABSI W Z Score,CLABSI W Z Footnote,CAUTI SIR,CAUTI SIR Footnote,CAUTI W Z Score,CAUTI W Z Footnote,SSI SIR,SSI SIR Footnote,SSI W Z Score,SSI W Z Footnote,CDI SIR,CDI SIR Footnote,CDI W Z Score,CDI W Z Footnote,MRSA SIR,MRSA SIR Footnote,MRSA W Z Score,MRSA W Z Footnote,HAI Measures Start Date,HAI Measures End Date,Total HAC Score,Total HAC Score Footnote,Payment Reduction,Payment Reduction Footnote
YES,AURELIA OSBORN FOX MEMORIAL HOSPITAL,330085,NY,2025,1.0978,,0.7480,,07/01/2021,06/30/2023,N/A,13,N/A,5,0.951,,0.6365,,N/A,13,N/A,5,0.938,,1.7703,,N/A,13,N/A,5,01/01/2022,12/31/2023,1.0516,,Yes,
YES,AURELIA OSBORN FOX MEMORIAL HOSPITAL,330085,NY,2025,1.0978,,0.7480,,07/01/2021,06/30/2023,N/A,13,N/A,5,0.951,,0.6365,,N/A,13,N/A,5,0.938,,1.7703,,N/A,13,N/A,5,01/01/2022,12/31/2023,1.0516,,Yes,
YES,ADIRONDACK MEDICAL CENTER - SARANAC LAKE,330079,NY,2025,1.0696,,0.5514,,07/01/2021,06/30/2023,0.691,,-0.0910,,0.571,,-0.1744,,1.137,,0.5214,,1.207,,2.1555,,N/A,13,N/A,5,01/01/2022,12/31/2023,0.5926,,Yes,
YES,ALBANY MEDICAL CENTER HOSPITAL,330013,NY,2025,1.2699,,1.9498,,07/01/2021,06/30/2023,0.673,,-0.1279,,0.800,,0.3143,,1.097,,0.4519,,0.440,,0.0103,,0.787,,-0.0499,,01/01/2022,12/31/2023,0.4247,,Yes,
YES,ARNOT OGDEN MEDICAL CENTER,330090,NY,2025,2.5378,,2.3656,,07/01/2021,06/30/2023,1.196,,0.9448,,0.480,,-0.3686,,0.862,,0.0436,,0.104,,-1.1772,,1.238,,0.8030,,01/01/2022,12/31/2023,0.4352,,Yes,
YES,AUBURN  COMMUNITY  HOSPITAL,330235,NY,2025,1.1152,,0.8697,,07/01/2021,06/30/2023,0.906,,0.3500,,0.680,,0.0582,,0.000,,-1.4543,,0.547,,0.3884,,1.435,,1.1756,,01/01/2022,12/31/2023,0.2313,,No,
YES,BELLEVUE HOSPITAL CENTER,330204,NY,2025,1.2113,,1.5408,,07/01/2021,06/30/2023,1.579,,1.7304,,1.382,,1.5561,,0.885,,0.0835,,0.581,,0.5086,,1.417,,1.1416,,01/01/2022,12/31/2023,1.0935,,Yes,
YES,BERTRAND CHAFFEE HOSPITAL,330111,NY,2025,0.9878,,-0.0198,,07/01/2021,06/30/2023,N/A,13,N/A,5,N/A,13,N/A,5,N/A,13,N/A,5,1.321,,2.1555,,N/A,13,N/A,5,01/01/2022,12/31/2023,1.0678,,Yes,
YES,BON SECOURS COMMUNITY HOSPITAL,330135,NY,2025,0.9532,,-0.2610,,07/01/2021,06/30/2023,N/A,13,N/A,5,0.535,,-0.2512,,0.000,,-1.4543,,0.350,,-0.3078,,N/A,13,N/A,5,01/01/2022,12/31/2023,-0.5686,,No,
YES,BRONXCARE HOSPITAL CENTER,330009,NY,2025,0.9304,,-0.4205,,07/01/2021,06/30/2023,1.596,,1.7652,,0.162,,-1.0471,,1.426,,1.0236,,0.380,,-0.2018,,0.744,,-0.1312,,01/01/2022,12/31/2023,0.1647,,No,
YES,BROOKDALE HOSPITAL MEDICAL CENTER,330233,NY,2025,1.7359,,2.3656,,07/01/2021,06/30/2023,1.040,,0.6248,,0.518,,-0.2875,,0.946,,0.1895,,0.366,,-0.2512,,1.044,,0.4361,,01/01/2022,12/31/2023,0.5129,,Yes,
YES,BROOKLYN HOSPITAL CENTER - DOWNTOWN CAMPUS,330056,NY,2025,1.0095,,0.1316,,07/01/2021,06/30/2023,0.696,,-0.0808,,0.350,,-0.6459,,0.756,,-0.1406,,0.050,,-1.3680,,1.347,,1.0092,,01/01/2022,12/31/2023,-0.1824,,No,
YES,"BROOKS-TLC HOSPITAL SYSTEM, INC",330229,NY,2025,0.9641,,-0.1848,,07/01/2021,06/30/2023,N/A,11,2.1426,11,N/A,11,2.3371,11,N/A,11,2.1687,11,0.837,,1.4133,,N/A,13,N/A,5,01/01/2022,12/31/2023,1.5754,,Yes,
YES,CANTON-POTSDAM HOSPITAL,330197,NY,2025,1.2251,,1.6373,,07/01/2021,06/30/2023,2.634,,2.1426,,0.485,,-0.3579,,0.796,,-0.0711,,1.720,,2.1555,,1.925,,2.1023,,01/01/2022,12/31/2023,1.2681,,Yes,
YES,CAYUGA MEDICAL CENTER AT ITHACA,330307,NY,2025,1.0486,,0.4050,,07/01/2021,06/30/2023,0.000,,-1.5083,,0.516,,-0.2917,,1.436,,1.0410,,0.366,,-0.2512,,0.331,,-0.9123,,01/01/2022,12/31/2023,-0.2529,,No,
YES,CHENANGO MEMORIAL HOSPITAL,330033,NY,2025,1.3196,,2.2971,,07/01/2021,06/30/2023,N/A,13,N/A,5,1.456,,1.7140,,N/A,13,N/A,5,0.488,,0.1799,,N/A,13,N/A,5,01/01/2022,12/31/2023,1.3970,,Yes,
YES,CLIFTON SPRINGS HOSPITAL AND CLINIC,330265,NY,2025,1.0797,,0.6217,,07/01/2021,06/30/2023,1.394,,1.3509,,0.975,,0.6877,,N/A,13,N/A,5,0.078,,-1.2691,,1.658,,1.5973,,01/01/2022,12/31/2023,0.5977,,Yes,
YES,COLUMBIA MEMORIAL HOSPITAL,330094,NY,2025,1.6176,,2.3656,,07/01/2021,06/30/2023,1.898,,2.1426,,2.052,,2.3371,,1.385,,0.9524,,2.042,,2.1555,,2.761,,2.2555,,01/01/2022,12/31/2023,2.0348,,Yes,
YES,"OUR LADY OF LOURDES MEMORIAL HOSPITAL, INC",330011,NY,2025,1.7677,,2.3656,,07/01/2021,06/30/2023,1.171,,0.8935,,0.075,,-1.2327,,2.209,,2.1687,,1.174,,2.1555,,0.816,,0.0049,,01/01/2022,12/31/2023,1.0593,,Yes,
YES,CORNING HOSPITAL,330277,NY,2025,1.0246,,0.2370,,07/01/2021,06/30/2023,0.000,,-1.5083,,1.570,,1.9573,,0.394,,-0.7697,,0.279,,-0.5587,,1.145,,0.6272,,01/01/2022,12/31/2023,-0.0025,,No,
YES,CROUSE HOSPITAL,330203,NY,2025,1.2468,,1.7889,,07/01/2021,06/30/2023,0.516,,-0.4500,,0.409,,-0.5201,,0.917,,0.1391,,0.318,,-0.4209,,0.621,,-0.3638,,01/01/2022,12/31/2023,0.0289,,No,
YES,CROUSE HOSPITAL,330203,NY,2025,1.2468,,1.7889,,07/01/2021,06/30/2023,0.516,,-0.4500,,0.409,,-0.5201,,0.917,,0.1391,,0.318,,-0.4209,,0.621,,-0.3638,,01/01/2022,12/31/2023,0.0289,,No,
YES,"OUR LADY OF LOURDES MEMORIAL HOSPITAL, INC",330011,NY,2025,1.7677,,2.3656,,07/01/2021,06/30/2023,1.171,,0.8935,,0.075,,-1.2327,,2.209,,2.1687,,1.174,,2.1555,,0.816,,0.0049,,01/01/2022,12/31/2023,1.0593,,Yes,
YES,ELLIS HOSPITAL,330153,NY,2025,1.3600,,2.3656,,07/01/2021,06/30/2023,0.213,,-1.0714,,0.288,,-0.7782,,0.342,,-0.8600,,0.184,,-0.8944,,0.233,,-1.0976,,01/01/2022,12/31/2023,-0.3894,,No,
YES,ELLIS HOSPITAL,330153,NY,2025,1.3600,,2.3656,,07/01/2021,06/30/2023,0.213,,-1.0714,,0.288,,-0.7782,,0.342,,-0.8600,,0.184,,-0.8944,,0.233,,-1.0976,,01/01/2022,12/31/2023,-0.3894,,No,
YES,ELMHURST HOSPITAL CENTER,330128,NY,2025,1.0470,,0.3937,,07/01/2021,06/30/2023,0.141,,-1.2191,,0.612,,-0.0869,,1.137,,0.5214,,0.316,,-0.4279,,0.459,,-0.6702,,01/01/2022,12/31/2023,-0.2482,,No,
YES,ERIE COUNTY MEDICAL CENTER,330219,NY,2025,2.2436,,2.3656,,07/01/2021,06/30/2023,0.834,,0.2023,,0.380,,-0.5819,,1.112,,0.4780,,0.804,,1.2967,,0.926,,0.2130,,01/01/2022,12/31/2023,0.6623,,Yes,
YES,MOUNT SINAI ST LUKE'S ROOSEVELT HOSPITAL,330046,NY,2025,0.8948,,-0.6691,,07/01/2021,06/30/2023,0.629,,-0.2182,,0.425,,-0.4859,,1.080,,0.4224,,0.221,,-0.7637,,0.635,,-0.3374,,01/01/2022,12/31/2023,-0.3420,,No,
YES,FLUSHING HOSPITAL MEDICAL CENTER,330193,NY,2025,1.0829,,0.6440,,07/01/2021,06/30/2023,1.038,,0.6207,,0.293,,-0.7676,,1.404,,0.9854,,0.574,,0.4838,,1.004,,0.3605,,01/01/2022,12/31/2023,0.3878,,Yes,
YES,GARNET HEALTH MEDICAL CENTER,330126,NY,2025,0.7946,,-1.3686,,07/01/2021,06/30/2023,0.451,,-0.5833,,0.956,,0.6471,,1.293,,0.7925,,1.047,,2.1555,,1.684,,1.6465,,01/01/2022,12/31/2023,0.5483,,Yes,
YES,GARNET HEALTH  MEDICAL CENTER CATSKILLS,330386,NY,2025,0.8512,,-0.9732,,07/01/2021,06/30/2023,0.784,,0.0997,,0.954,,0.6429,,1.708,,1.5136,,0.692,,0.9009,,0.586,,-0.4300,,01/01/2022,12/31/2023,0.2923,,No,
YES,GARNET HEALTH MEDICAL CENTER,330126,NY,2025,0.7946,,-1.3686,,07/01/2021,06/30/2023,0.451,,-0.5833,,0.956,,0.6471,,1.293,,0.7925,,1.047,,2.1555,,1.684,,1.6465,,01/01/2022,12/31/2023,0.5483,,Yes,
YES,GENEVA GENERAL HOSPITAL,330058,NY,2025,1.3393,,2.3656,,07/01/2021,06/30/2023,0.372,,-0.7453,,1.497,,1.8015,,0.000,,-1.4543,,0.820,,1.3532,,2.648,,2.2555,,01/01/2022,12/31/2023,0.9294,,Yes,
YES,NORTHWELL HOSPITAL GLEN COVE,330181,NY,2025,0.9456,,-0.3145,,07/01/2021,06/30/2023,0.000,,-1.5083,,0.350,,-0.6459,,0.000,,-1.4543,,0.304,,-0.4704,,0.000,,-1.5383,,01/01/2022,12/31/2023,-0.9886,,No,
YES,GLENS FALLS HOSPITAL,330191,NY,2025,1.4374,,2.3656,,07/01/2021,06/30/2023,0.337,,-0.8171,,0.657,,0.0091,,1.369,,0.9246,,0.296,,-0.4986,,0.492,,-0.6078,,01/01/2022,12/31/2023,0.2293,,No,
YES,GOOD SAMARITAN HOSPITAL MEDICAL CENTER,330286,NY,2025,1.5710,,2.3656,,07/01/2021,06/30/2023,0.229,,-1.0386,,0.405,,-0.5286,,0.496,,-0.5924,,0.545,,0.3814,,0.894,,0.1525,,01/01/2022,12/31/2023,0.1233,,No,
YES,GOOD SAMARITAN HOSPITAL OF SUFFERN,330158,NY,2025,0.7606,,-1.5737,,07/01/2021,06/30/2023,0.434,,-0.6181,,1.282,,1.3428,,0.377,,-0.7992,,0.223,,-0.7566,,0.457,,-0.6740,,01/01/2022,12/31/2023,-0.5132,,No,
YES,GUTHRIE CORTLAND REGIONAL MEDICAL CENTER,330175,NY,2025,0.9437,,-0.3277,,07/01/2021,06/30/2023,0.000,,-1.5083,,0.322,,-0.7057,,1.235,,0.6917,,0.672,,0.8302,,1.229,,0.7860,,01/01/2022,12/31/2023,-0.0390,,No,
YES,HARLEM HOSPITAL CENTER,330240,NY,2025,1.1834,,1.3460,,07/01/2021,06/30/2023,0.735,,-0.0008,,1.038,,0.8221,,0.389,,-0.7784,,0.185,,-0.8909,,1.546,,1.3855,,01/01/2022,12/31/2023,0.3139,,No,
YES,HEALTHALLIANCE HOSPITAL MARYS AVENUE CAMPUS,330224,NY,2025,1.0499,,0.4138,,07/01/2021,06/30/2023,1.529,,1.6278,,0.208,,-0.9489,,0.428,,-0.7106,,0.691,,0.8973,,0.284,,-1.0012,,01/01/2022,12/31/2023,0.0464,,No,
YES,HELEN HAYES HOSPITAL,330405,NY,2025,N/A,5,N/A,5,07/01/2021,06/30/2023,N/A,12,N/A,5,N/A,12,N/A,5,N/A,12,N/A,5,N/A,13,N/A,5,N/A,13,N/A,5,01/01/2022,12/31/2023,N/A,5,No,
YES,HIGHLAND HOSPITAL,330164,NY,2025,1.0719,,0.5674,,07/01/2021,06/30/2023,1.888,,2.1426,,0.924,,0.5789,,1.224,,0.6726,,0.364,,-0.2583,,1.649,,1.5803,,01/01/2022,12/31/2023,0.8806,,Yes,
YES,HOSPITAL FOR SPECIAL SURGERY,330270,NY,2025,0.7535,,-1.5737,,07/01/2021,06/30/2023,0.000,,-1.5083,,1.132,,1.0227,,N/A,12,N/A,5,0.139,,-1.0535,,0.000,,-1.5383,,01/01/2022,12/31/2023,-0.9302,,No,
YES,NS/LIJ HS HUNTINGTON HOSPITAL,330045,NY,2025,0.7605,,-1.5737,,07/01/2021,06/30/2023,0.294,,-0.9053,,0.107,,-1.1645,,0.799,,-0.0659,,0.596,,0.5616,,1.033,,0.4153,,01/01/2022,12/31/2023,-0.4554,,No,
YES,IRA DAVENPORT MEMORIAL HOSPITAL,330144,NY,2025,N/A,13,N/A,5,07/01/2021,06/30/2023,N/A,13,N/A,5,N/A,13,N/A,5,N/A,12,N/A,5,N/A,13,N/A,5,N/A,13,N/A,5,01/01/2022,12/31/2023,N/A,5,No,
YES,JACOBI MEDICAL CENTER,330127,NY,2025,1.2521,,1.8259,,07/01/2021,06/30/2023,0.732,,-0.0069,,1.254,,1.2830,,2.710,,2.1687,,0.485,,0.1693,,0.588,,-0.4263,,01/01/2022,12/31/2023,0.8356,,Yes,
YES,JAMAICA HOSPITAL MEDICAL CENTER,330014,NY,2025,1.2365,,1.7169,,07/01/2021,06/30/2023,0.756,,0.0423,,0.809,,0.3335,,1.111,,0.4762,,0.455,,0.0633,,1.266,,0.8560,,01/01/2022,12/31/2023,0.5814,,Yes,
YES,JOHN T MATHER MEMORIAL HOSPITAL  OF PORT JEFFERSON,330185,NY,2025,0.9759,,-0.1026,,07/01/2021,06/30/2023,0.310,,-0.8725,,0.074,,-1.2349,,0.250,,-1.0199,,0.178,,-0.9156,,1.279,,0.8806,,01/01/2022,12/31/2023,-0.5442,,No,
YES,KENMORE MERCY HOSPITAL,330102,NY,2025,0.9789,,-0.0819,,07/01/2021,06/30/2023,0.000,,-1.5083,,0.099,,-1.1815,,1.105,,0.4658,,0.648,,0.7454,,0.815,,0.0031,,01/01/2022,12/31/2023,-0.2596,,No,
YES,KINGS COUNTY HOSPITAL CENTER,330202,NY,2025,1.2341,,1.7000,,07/01/2021,06/30/2023,0.789,,0.1100,,1.444,,1.6884,,2.557,,2.1687,,0.419,,-0.0639,,1.261,,0.8465,,01/01/2022,12/31/2023,1.0750,,Yes,
YES,LENOX HILL HOSPITAL,330119,NY,2025,0.8981,,-0.6457,,07/01/2021,06/30/2023,1.066,,0.6782,,0.822,,0.3612,,0.601,,-0.4100,,0.298,,-0.4916,,0.433,,-0.7194,,01/01/2022,12/31/2023,-0.2046,,No,
YES,LINCOLN MEDICAL & MENTAL HEALTH CENTER,330080,NY,2025,0.9828,,-0.0545,,07/01/2021,06/30/2023,0.768,,0.0669,,0.417,,-0.5030,,1.629,,1.3764,,0.661,,0.7913,,1.150,,0.6366,,01/01/2022,12/31/2023,0.3856,,Yes,
YES,"OUR LADY OF LOURDES MEMORIAL HOSPITAL, INC",330011,NY,2025,1.7677,,2.3656,,07/01/2021,06/30/2023,1.171,,0.8935,,0.075,,-1.2327,,2.209,,2.1687,,1.174,,2.1555,,0.816,,0.0049,,01/01/2022,12/31/2023,1.0593,,Yes,
YES,LONG ISLAND COMMUNITY HOSPITAL,330141,NY,2025,0.9268,,-0.4453,,07/01/2021,06/30/2023,0.967,,0.4751,,0.343,,-0.6609,,1.806,,1.6839,,0.320,,-0.4138,,1.219,,0.7671,,01/01/2022,12/31/2023,0.2343,,No,
YES,LONG ISLAND JEWISH MEDICAL CENTER,330195,NY,2025,0.9890,,-0.0110,,07/01/2021,06/30/2023,0.538,,-0.4048,,0.420,,-0.4966,,0.570,,-0.4638,,0.363,,-0.2618,,1.109,,0.5591,,01/01/2022,12/31/2023,-0.1798,,No,
YES,LONG ISLAND COMMUNITY HOSPITAL,330141,NY,2025,0.9268,,-0.4453,,07/01/2021,06/30/2023,0.967,,0.4751,,0.343,,-0.6609,,1.806,,1.6839,,0.320,,-0.4138,,1.219,,0.7671,,01/01/2022,12/31/2023,0.2343,,No,
YES,MAIMONIDES MEDICAL CENTER,330194,NY,2025,0.9919,,0.0088,,07/01/2021,06/30/2023,1.886,,2.1426,,0.941,,0.6151,,1.129,,0.5075,,0.622,,0.6535,,1.304,,0.9279,,01/01/2022,12/31/2023,0.8092,,Yes,
YES,UNITY HOSPITAL,330226,NY,2025,1.1175,,0.8862,,07/01/2021,06/30/2023,0.400,,-0.6879,,0.622,,-0.0656,,0.150,,-1.1937,,0.613,,0.6217,,0.908,,0.1789,,01/01/2022,12/31/2023,-0.0434,,No,
YES,"OUR LADY OF LOURDES MEMORIAL HOSPITAL, INC",330011,NY,2025,1.7677,,2.3656,,07/01/2021,06/30/2023,1.171,,0.8935,,0.075,,-1.2327,,2.209,,2.1687,,1.174,,2.1555,,0.816,,0.0049,,01/01/2022,12/31/2023,1.0593,,Yes,
YES,KENMORE MERCY HOSPITAL,330102,NY,2025,0.9789,,-0.0819,,07/01/2021,06/30/2023,0.000,,-1.5083,,0.099,,-1.1815,,1.105,,0.4658,,0.648,,0.7454,,0.815,,0.0031,,01/01/2022,12/31/2023,-0.2596,,No,
YES,MERCY HOSPITAL OF BUFFALO,330279,NY,2025,1.1008,,0.7695,,07/01/2021,06/30/2023,0.493,,-0.4971,,0.188,,-0.9916,,0.910,,0.1270,,0.620,,0.6464,,0.483,,-0.6248,,01/01/2022,12/31/2023,-0.0951,,No,
YES,METROPOLITAN HOSPITAL CENTER,330199,NY,2025,0.9302,,-0.4218,,07/01/2021,06/30/2023,0.317,,-0.8581,,0.822,,0.3612,,0.333,,-0.8757,,0.154,,-1.0005,,0.288,,-0.9936,,01/01/2022,12/31/2023,-0.6314,,No,
YES,WESTCHESTER MEDICAL CENTER,330234,NY,2025,1.5068,,2.3656,,07/01/2021,06/30/2023,0.785,,0.1018,,0.580,,-0.1552,,0.409,,-0.7436,,0.892,,1.6077,,0.650,,-0.3090,,01/01/2022,12/31/2023,0.4779,,Yes,
YES,MONTEFIORE MEDICAL CENTER,330059,NY,2025,1.3542,,2.3656,,07/01/2021,06/30/2023,1.514,,1.5971,,0.941,,0.6151,,1.136,,0.5197,,0.566,,0.4556,,0.852,,0.0730,,01/01/2022,12/31/2023,0.9377,,Yes,
YES,MONTEFIORE MEDICAL CENTER,330059,NY,2025,1.3542,,2.3656,,07/01/2021,06/30/2023,1.514,,1.5971,,0.941,,0.6151,,1.136,,0.5197,,0.566,,0.4556,,0.852,,0.0730,,01/01/2022,12/31/2023,0.9377,,Yes,
YES,MONTEFIORE MEDICAL CENTER,330059,NY,2025,1.3542,,2.3656,,07/01/2021,06/30/2023,1.514,,1.5971,,0.941,,0.6151,,1.136,,0.5197,,0.566,,0.4556,,0.852,,0.0730,,01/01/2022,12/31/2023,0.9377,,Yes,
YES,MONTEFIORE MOUNT VERNON HOSPITAL,330086,NY,2025,0.9758,,-0.1034,,07/01/2021,06/30/2023,N/A,13,N/A,5,N/A,13,N/A,5,N/A,13,N/A,5,0.281,,-0.5516,,N/A,13,N/A,5,01/01/2022,12/31/2023,-0.3275,,No,
YES,MONTEFIORE NEW ROCHELLE HOSPITAL,330184,NY,2025,0.9372,,-0.3730,,07/01/2021,06/30/2023,1.696,,1.9704,,1.525,,1.8613,,N/A,11,2.1687,11,N/A,11,2.1555,11,N/A,11,2.2555,11,01/01/2022,12/31/2023,1.6731,,Yes,
YES,MOUNT SINAI HOSPITAL,330024,NY,2025,0.9296,,-0.4257,,07/01/2021,06/30/2023,1.068,,0.6823,,0.418,,-0.5008,,0.631,,-0.3579,,0.497,,0.2117,,1.129,,0.5969,,01/01/2022,12/31/2023,0.0344,,No,
YES,MOUNT SINAI BETH ISRAEL,330169,NY,2025,0.9480,,-0.2974,,07/01/2021,06/30/2023,0.220,,-1.0571,,0.110,,-1.1581,,0.000,,-1.4543,,0.046,,-1.3821,,1.237,,0.8011,,01/01/2022,12/31/2023,-0.7580,,No,
YES,MOUNT SINAI HOSPITAL,330024,NY,2025,0.9296,,-0.4257,,07/01/2021,06/30/2023,1.068,,0.6823,,0.418,,-0.5008,,0.631,,-0.3579,,0.497,,0.2117,,1.129,,0.5969,,01/01/2022,12/31/2023,0.0344,,No,
YES,MOUNT SINAI HOSPITAL,330024,NY,2025,0.9296,,-0.4257,,07/01/2021,06/30/2023,1.068,,0.6823,,0.418,,-0.5008,,0.631,,-0.3579,,0.497,,0.2117,,1.129,,0.5969,,01/01/2022,12/31/2023,0.0344,,No,
YES,MOUNT SINAI HOSPITAL,330024,NY,2025,0.9296,,-0.4257,,07/01/2021,06/30/2023,1.068,,0.6823,,0.418,,-0.5008,,0.631,,-0.3579,,0.497,,0.2117,,1.129,,0.5969,,01/01/2022,12/31/2023,0.0344,,No,
YES,MOUNT SINAI HOSPITAL,330024,NY,2025,0.9296,,-0.4257,,07/01/2021,06/30/2023,1.068,,0.6823,,0.418,,-0.5008,,0.631,,-0.3579,,0.497,,0.2117,,1.129,,0.5969,,01/01/2022,12/31/2023,0.0344,,No,
YES,MOUNT SINAI SOUTH NASSAU,330198,NY,2025,0.9933,,0.0186,,07/01/2021,06/30/2023,0.643,,-0.1895,,0.614,,-0.0826,,0.450,,-0.6724,,0.413,,-0.0851,,0.829,,0.0295,,01/01/2022,12/31/2023,-0.1636,,No,
YES,MOUNT SINAI HOSPITAL,330024,NY,2025,0.9296,,-0.4257,,07/01/2021,06/30/2023,1.068,,0.6823,,0.418,,-0.5008,,0.631,,-0.3579,,0.497,,0.2117,,1.129,,0.5969,,01/01/2022,12/31/2023,0.0344,,No,
YES,MOUNT SINAI ST LUKE'S ROOSEVELT HOSPITAL,330046,NY,2025,0.8948,,-0.6691,,07/01/2021,06/30/2023,0.629,,-0.2182,,0.425,,-0.4859,,1.080,,0.4224,,0.221,,-0.7637,,0.635,,-0.3374,,01/01/2022,12/31/2023,-0.3420,,No,
YES,NASSAU UNIVERSITY MEDICAL CENTER,330027,NY,2025,1.1355,,1.0116,,07/01/2021,06/30/2023,0.694,,-0.0849,,0.361,,-0.6225,,2.535,,2.1687,,0.647,,0.7418,,0.340,,-0.8953,,01/01/2022,12/31/2023,0.3866,,Yes,
YES,NATHAN LITTAUER HOSPITAL,330276,NY,2025,1.3943,,2.3656,,07/01/2021,06/30/2023,N/A,13,N/A,5,0.000,,-1.3928,,0.000,,-1.4543,,0.488,,0.1799,,N/A,13,N/A,5,01/01/2022,12/31/2023,-0.0754,,No,
YES,"NEW YORK COMMUNITY HOSPITAL OF BROOKLYN, INC.",330019,NY,2025,1.2029,,1.4824,,07/01/2021,06/30/2023,N/A,13,N/A,5,0.000,,-1.3928,,N/A,13,N/A,5,N/A,13,N/A,5,N/A,13,N/A,5,01/01/2022,12/31/2023,0.0448,,No,
YES,"NEW YORK COMMUNITY HOSPITAL OF BROOKLYN, INC.",330019,NY,2025,1.2029,,1.4824,,07/01/2021,06/30/2023,N/A,13,N/A,5,0.000,,-1.3928,,N/A,13,N/A,5,N/A,13,N/A,5,N/A,13,N/A,5,01/01/2022,12/31/2023,0.0448,,No,
YES,NEW YORK-PRESBYTERIAN HOSPITAL,330101,NY,2025,0.5942,,-1.5737,,07/01/2021,06/30/2023,1.010,,0.5633,,0.765,,0.2396,,0.935,,0.1704,,0.484,,0.1658,,0.763,,-0.0953,,01/01/2022,12/31/2023,-0.0883,,No,
YES,NEW YORK-PRESBYTERIAN HOSPITAL,330101,NY,2025,0.5942,,-1.5737,,07/01/2021,06/30/2023,1.010,,0.5633,,0.765,,0.2396,,0.935,,0.1704,,0.484,,0.1658,,0.763,,-0.0953,,01/01/2022,12/31/2023,-0.0883,,No,
YES,NEW YORK-PRESBYTERIAN HOSPITAL,330101,NY,2025,0.5942,,-1.5737,,07/01/2021,06/30/2023,1.010,,0.5633,,0.765,,0.2396,,0.935,,0.1704,,0.484,,0.1658,,0.763,,-0.0953,,01/01/2022,12/31/2023,-0.0883,,No,
YES,NEW YORK-PRESBYTERIAN HOSPITAL,330101,NY,2025,0.5942,,-1.5737,,07/01/2021,06/30/2023,1.010,,0.5633,,0.765,,0.2396,,0.935,,0.1704,,0.484,,0.1658,,0.763,,-0.0953,,01/01/2022,12/31/2023,-0.0883,,No,
YES,NEW YORK-PRESBYTERIAN HOSPITAL,330101,NY,2025,0.5942,,-1.5737,,07/01/2021,06/30/2023,1.010,,0.5633,,0.765,,0.2396,,0.935,,0.1704,,0.484,,0.1658,,0.763,,-0.0953,,01/01/2022,12/31/2023,-0.0883,,No,
YES,NEW YORK-PRESBYTERIAN HOSPITAL,330101,NY,2025,0.5942,,-1.5737,,07/01/2021,06/30/2023,1.010,,0.5633,,0.765,,0.2396,,0.935,,0.1704,,0.484,,0.1658,,0.763,,-0.0953,,01/01/2022,12/31/2023,-0.0883,,No,
YES,NEW YORK-PRESBYTERIAN/QUEENS,330055,NY,2025,0.8363,,-1.0777,,07/01/2021,06/30/2023,0.041,,-1.4242,,0.300,,-0.7526,,0.225,,-1.0633,,0.297,,-0.4951,,0.493,,-0.6059,,01/01/2022,12/31/2023,-0.9032,,No,
YES,NEWARK-WAYNE COMMUNITY HOSPITAL,330030,NY,2025,1.1324,,0.9903,,07/01/2021,06/30/2023,0.930,,0.3992,,0.384,,-0.5734,,0.589,,-0.4308,,0.823,,1.3638,,0.000,,-1.5383,,01/01/2022,12/31/2023,0.0351,,No,
YES,NIAGARA FALLS MEMORIAL MEDICAL CENTER,330065,NY,2025,1.4075,,2.3656,,07/01/2021,06/30/2023,2.581,,2.1426,,1.664,,2.1579,,1.752,,1.5901,,0.462,,0.0880,,1.350,,1.0148,,01/01/2022,12/31/2023,1.5599,,Yes,
YES,NICHOLAS H NOYES MEMORIAL HOSPITAL,330238,NY,2025,0.9278,,-0.4384,,07/01/2021,06/30/2023,0.503,,-0.4766,,0.000,,-1.3928,,1.606,,1.3364,,0.442,,0.0173,,N/A,13,N/A,5,01/01/2022,12/31/2023,-0.1908,,No,
YES,NORTH SHORE UNIVERSITY HOSPITAL,330106,NY,2025,0.9376,,-0.3700,,07/01/2021,06/30/2023,1.045,,0.6351,,0.555,,-0.2085,,0.611,,-0.3926,,0.389,,-0.1700,,1.112,,0.5647,,01/01/2022,12/31/2023,0.0098,,No,
YES,NORTHERN DUTCHESS HOSPITAL,330049,NY,2025,0.8026,,-1.3126,,07/01/2021,06/30/2023,0.789,,0.1100,,0.638,,-0.0314,,0.000,,-1.4543,,0.137,,-1.0605,,0.000,,-1.5383,,01/01/2022,12/31/2023,-0.8812,,No,
YES,NORTHERN WESTCHESTER HOSPITAL,330162,NY,2025,0.6648,,-1.5737,,07/01/2021,06/30/2023,0.197,,-1.1043,,0.311,,-0.7292,,0.565,,-0.4725,,0.216,,-0.7814,,0.772,,-0.0783,,01/01/2022,12/31/2023,-0.7899,,No,
YES,NYU LANGONE HOSPITALS,330214,NY,2025,0.6629,,-1.5737,,07/01/2021,06/30/2023,0.549,,-0.3823,,0.470,,-0.3899,,0.720,,-0.2032,,0.272,,-0.5834,,0.603,,-0.3979,,01/01/2022,12/31/2023,-0.5884,,No,
YES,NYU LANGONE HOSPITALS,330214,NY,2025,0.6629,,-1.5737,,07/01/2021,06/30/2023,0.549,,-0.3823,,0.470,,-0.3899,,0.720,,-0.2032,,0.272,,-0.5834,,0.603,,-0.3979,,01/01/2022,12/31/2023,-0.5884,,No,
YES,NYU LANGONE HOSPITALS,330214,NY,2025,0.6629,,-1.5737,,07/01/2021,06/30/2023,0.549,,-0.3823,,0.470,,-0.3899,,0.720,,-0.2032,,0.272,,-0.5834,,0.603,,-0.3979,,01/01/2022,12/31/2023,-0.5884,,No,
YES,NYU LANGONE HOSPITALS,330214,NY,2025,0.6629,,-1.5737,,07/01/2021,06/30/2023,0.549,,-0.3823,,0.470,,-0.3899,,0.720,,-0.2032,,0.272,,-0.5834,,0.603,,-0.3979,,01/01/2022,12/31/2023,-0.5884,,No,
YES,NYU LANGONE HOSPITALS,330214,NY,2025,0.6629,,-1.5737,,07/01/2021,06/30/2023,0.549,,-0.3823,,0.470,,-0.3899,,0.720,,-0.2032,,0.272,,-0.5834,,0.603,,-0.3979,,01/01/2022,12/31/2023,-0.5884,,No,
YES,NYU LANGONE HOSPITALS,330214,NY,2025,0.6629,,-1.5737,,07/01/2021,06/30/2023,0.549,,-0.3823,,0.470,,-0.3899,,0.720,,-0.2032,,0.272,,-0.5834,,0.603,,-0.3979,,01/01/2022,12/31/2023,-0.5884,,No,
YES,OLEAN GENERAL HOSPITAL,330103,NY,2025,0.9919,,0.0087,,07/01/2021,06/30/2023,0.697,,-0.0787,,0.350,,-0.6459,,2.343,,2.1687,,0.965,,1.8657,,0.340,,-0.8953,,01/01/2022,12/31/2023,0.4039,,Yes,
YES,ONEIDA HEALTH HOSPITAL,330115,NY,2025,0.8940,,-0.6742,,07/01/2021,06/30/2023,0.456,,-0.5730,,0.000,,-1.3928,,N/A,11,2.1687,11,N/A,11,2.1555,11,N/A,11,2.2555,11,01/01/2022,12/31/2023,0.6566,,Yes,
YES,OSWEGO HOSPITAL,330218,NY,2025,1.0289,,0.2677,,07/01/2021,06/30/2023,0.000,,-1.5083,,0.637,,-0.0335,,1.289,,0.7855,,0.182,,-0.9015,,1.738,,1.7486,,01/01/2022,12/31/2023,0.0597,,No,
YES,"OUR LADY OF LOURDES MEMORIAL HOSPITAL, INC",330011,NY,2025,1.7677,,2.3656,,07/01/2021,06/30/2023,1.171,,0.8935,,0.075,,-1.2327,,2.209,,2.1687,,1.174,,2.1555,,0.816,,0.0049,,01/01/2022,12/31/2023,1.0593,,Yes,
YES,PECONIC BAY MEDICAL CENTER,330107,NY,2025,0.9253,,-0.4557,,07/01/2021,06/30/2023,0.361,,-0.7679,,0.636,,-0.0357,,0.400,,-0.7593,,0.451,,0.0492,,0.483,,-0.6248,,01/01/2022,12/31/2023,-0.4324,,No,
YES,PHELPS HOSPITAL,330261,NY,2025,1.1711,,1.2598,,07/01/2021,06/30/2023,0.558,,-0.3638,,0.608,,-0.0954,,0.212,,-1.0859,,0.212,,-0.7955,,1.490,,1.2796,,01/01/2022,12/31/2023,0.0331,,No,
YES,PLAINVIEW HOSPITAL,330331,NY,2025,0.9235,,-0.4689,,07/01/2021,06/30/2023,0.000,,-1.5083,,0.420,,-0.4966,,0.412,,-0.7384,,0.151,,-1.0111,,0.904,,0.1714,,01/01/2022,12/31/2023,-0.6753,,No,
YES,PUTNAM HOSPITAL CENTER,330273,NY,2025,0.9525,,-0.2658,,07/01/2021,06/30/2023,0.574,,-0.3310,,1.185,,1.1358,,0.000,,-1.4543,,0.983,,1.9293,,0.000,,-1.5383,,01/01/2022,12/31/2023,-0.0874,,No,
YES,QUEENS HOSPITAL CENTER,330231,NY,2025,0.8955,,-0.6644,,07/01/2021,06/30/2023,0.388,,-0.7125,,0.223,,-0.9169,,0.913,,0.1322,,0.355,,-0.2901,,1.278,,0.8787,,01/01/2022,12/31/2023,-0.2622,,No,
YES,RICHMOND UNIVERSITY MEDICAL CENTER,330028,NY,2025,1.0541,,0.4435,,07/01/2021,06/30/2023,1.461,,1.4883,,0.471,,-0.3878,,0.193,,-1.1190,,0.878,,1.5582,,1.394,,1.0981,,01/01/2022,12/31/2023,0.5136,,Yes,
YES,ROCHESTER GENERAL HOSPITAL,330125,NY,2025,1.5448,,2.3656,,07/01/2021,06/30/2023,1.106,,0.7602,,0.810,,0.3356,,0.888,,0.0887,,0.553,,0.4096,,1.146,,0.6290,,01/01/2022,12/31/2023,0.7648,,Yes,
YES,"ROME MEMORIAL HOSPITAL, INC",330215,NY,2025,1.4052,,2.3656,,07/01/2021,06/30/2023,1.604,,1.7816,,0.823,,0.3633,,0.494,,-0.5959,,0.759,,1.1377,,0.959,,0.2754,,01/01/2022,12/31/2023,0.8880,,Yes,
YES,GOOD SAMARITAN HOSPITAL OF SUFFERN,330158,NY,2025,0.7606,,-1.5737,,07/01/2021,06/30/2023,0.434,,-0.6181,,1.282,,1.3428,,0.377,,-0.7992,,0.223,,-0.7566,,0.457,,-0.6740,,01/01/2022,12/31/2023,-0.5132,,No,
YES,SAMARITAN MEDICAL CENTER,330157,NY,2025,0.8120,,-1.2474,,07/01/2021,06/30/2023,0.646,,-0.1833,,0.656,,0.0070,,1.606,,1.3364,,0.627,,0.6712,,0.693,,-0.2277,,01/01/2022,12/31/2023,0.0594,,No,
YES,SARATOGA HOSPITAL,330222,NY,2025,1.0726,,0.5721,,07/01/2021,06/30/2023,0.684,,-0.1054,,0.407,,-0.5243,,0.469,,-0.6394,,0.312,,-0.4421,,1.285,,0.8919,,01/01/2022,12/31/2023,-0.0412,,No,
YES,SISTERS OF CHARITY HOSPITAL,330078,NY,2025,1.4123,,2.3656,,07/01/2021,06/30/2023,0.468,,-0.5484,,0.870,,0.4636,,0.817,,-0.0346,,0.324,,-0.3997,,1.156,,0.6480,,01/01/2022,12/31/2023,0.4158,,Yes,
YES,SISTERS OF CHARITY HOSPITAL,330078,NY,2025,1.4123,,2.3656,,07/01/2021,06/30/2023,0.468,,-0.5484,,0.870,,0.4636,,0.817,,-0.0346,,0.324,,-0.3997,,1.156,,0.6480,,01/01/2022,12/31/2023,0.4158,,Yes,
YES,ST JOHN'S RIVERSIDE HOSPITAL,330208,NY,2025,1.1044,23,0.7944,23,07/01/2021,06/30/2023,0.742,,0.0136,,1.205,,1.1785,,0.890,,0.0922,,0.577,,0.4944,,0.614,,-0.3771,,01/01/2022,12/31/2023,0.3660,23,No,
YES,"OUR LADY OF LOURDES MEMORIAL HOSPITAL, INC",330011,NY,2025,1.7677,,2.3656,,07/01/2021,06/30/2023,1.171,,0.8935,,0.075,,-1.2327,,2.209,,2.1687,,1.174,,2.1555,,0.816,,0.0049,,01/01/2022,12/31/2023,1.0593,,Yes,
YES,SOUTH BROOKLYN HEALTH,330196,NY,2025,1.1907,,1.3971,,07/01/2021,06/30/2023,0.876,,0.2884,,0.880,,0.4850,,0.404,,-0.7523,,0.170,,-0.9439,,1.262,,0.8484,,01/01/2022,12/31/2023,0.2205,,No,
YES,MOUNT SINAI SOUTH NASSAU,330198,NY,2025,0.9933,,0.0186,,07/01/2021,06/30/2023,0.643,,-0.1895,,0.614,,-0.0826,,0.450,,-0.6724,,0.413,,-0.0851,,0.829,,0.0295,,01/01/2022,12/31/2023,-0.1636,,No,
YES,NORTH SHORE UNIVERSITY HOSPITAL,330106,NY,2025,0.9376,,-0.3700,,07/01/2021,06/30/2023,1.045,,0.6351,,0.555,,-0.2085,,0.611,,-0.3926,,0.389,,-0.1700,,1.112,,0.5647,,01/01/2022,12/31/2023,0.0098,,No,
YES,ST ANTHONY COMMUNITY HOSPITAL,330205,NY,2025,0.8543,,-0.9518,,07/01/2021,06/30/2023,N/A,13,N/A,5,0.000,,-1.3928,,0.000,,-1.4543,,0.682,,0.8655,,N/A,13,N/A,5,01/01/2022,12/31/2023,-0.7333,,No,
YES,ST CATHERINE OF SIENA HOSPITAL MEDICAL CENTER,330401,NY,2025,0.8693,,-0.8473,,07/01/2021,06/30/2023,0.339,,-0.8130,,0.353,,-0.6395,,0.613,,-0.3891,,0.222,,-0.7602,,0.693,,-0.2277,,01/01/2022,12/31/2023,-0.6128,,No,
YES,ST JOHN'S RIVERSIDE HOSPITAL,330208,NY,2025,1.1044,23,0.7944,23,07/01/2021,06/30/2023,0.742,,0.0136,,1.205,,1.1785,,0.890,,0.0922,,0.577,,0.4944,,0.614,,-0.3771,,01/01/2022,12/31/2023,0.3660,23,No,
YES,ST LUKE'S CORNWALL HOSPITAL,330264,NY,2025,1.0810,,0.6314,,07/01/2021,06/30/2023,0.672,,-0.1300,,0.788,,0.2887,,0.622,,-0.3735,,0.678,,0.8514,,2.250,,2.2555,,01/01/2022,12/31/2023,0.5872,,Yes,
YES,ST CHARLES HOSPITAL,330246,NY,2025,0.9868,,-0.0264,,07/01/2021,06/30/2023,0.000,,-1.5083,,0.362,,-0.6203,,0.279,,-0.9695,,0.177,,-0.9192,,0.395,,-0.7913,,01/01/2022,12/31/2023,-0.8058,,No,
YES,ST FRANCIS HOSPITAL - THE HEART CENTER,330182,NY,2025,1.2166,,1.5780,,07/01/2021,06/30/2023,0.457,,-0.5710,,0.187,,-0.9938,,1.128,,0.5058,,0.247,,-0.6718,,1.001,,0.3548,,01/01/2022,12/31/2023,0.0337,,No,
YES,ST JAMES HOSPITAL,330151,NY,2025,0.9723,,-0.1278,,07/01/2021,06/30/2023,N/A,13,N/A,5,0.937,,0.6066,,N/A,13,N/A,5,0.000,,-1.5447,,N/A,13,N/A,5,01/01/2022,12/31/2023,-0.3553,,No,
YES,CHSLI ST JOSEPH HOSPITAL,330332,NY,2025,1.4326,,2.3656,,07/01/2021,06/30/2023,0.850,,0.2351,,0.000,,-1.3928,,0.503,,-0.5803,,0.359,,-0.2760,,1.497,,1.2929,,01/01/2022,12/31/2023,0.2741,,No,
YES,ST JOSEPH'S HOSPITAL HEALTH CENTER,330140,NY,2025,1.1998,,1.4603,,07/01/2021,06/30/2023,0.376,,-0.7371,,0.495,,-0.3365,,0.396,,-0.7662,,0.388,,-0.1735,,0.790,,-0.0442,,01/01/2022,12/31/2023,-0.0996,,No,
YES,ST JOSEPH'S HOSPITAL HEALTH CENTER,330140,NY,2025,1.1998,,1.4603,,07/01/2021,06/30/2023,0.376,,-0.7371,,0.495,,-0.3365,,0.396,,-0.7662,,0.388,,-0.1735,,0.790,,-0.0442,,01/01/2022,12/31/2023,-0.0996,,No,
YES,ST JOSEPH'S MEDICAL CENTER,330006,NY,2025,1.0027,,0.0842,,07/01/2021,06/30/2023,0.763,,0.0567,,0.906,,0.5405,,N/A,13,N/A,5,0.654,,0.7666,,2.305,,2.2555,,01/01/2022,12/31/2023,0.7407,,Yes,
YES,ST JOSEPH'S MEDICAL CENTER,330006,NY,2025,1.0027,,0.0842,,07/01/2021,06/30/2023,0.763,,0.0567,,0.906,,0.5405,,N/A,13,N/A,5,0.654,,0.7666,,2.305,,2.2555,,01/01/2022,12/31/2023,0.7407,,Yes,
YES,ST MARY'S HEALTHCARE,330047,NY,2025,1.1548,,1.1464,,07/01/2021,06/30/2023,0.992,,0.5264,,0.498,,-0.3301,,0.346,,-0.8531,,0.677,,0.8479,,1.781,,1.8300,,01/01/2022,12/31/2023,0.5279,,Yes,
YES,ST MARY'S HEALTHCARE,330047,NY,2025,1.1548,,1.1464,,07/01/2021,06/30/2023,0.992,,0.5264,,0.498,,-0.3301,,0.346,,-0.8531,,0.677,,0.8479,,1.781,,1.8300,,01/01/2022,12/31/2023,0.5279,,Yes,
YES,ST PETER'S HOSPITAL,330057,NY,2025,1.2416,,1.7523,,07/01/2021,06/30/2023,0.477,,-0.5299,,0.672,,0.0411,,0.969,,0.2295,,0.493,,0.1976,,0.664,,-0.2825,,01/01/2022,12/31/2023,0.2347,,No,
YES,ST PETER'S HOSPITAL,330057,NY,2025,1.2416,,1.7523,,07/01/2021,06/30/2023,0.477,,-0.5299,,0.672,,0.0411,,0.969,,0.2295,,0.493,,0.1976,,0.664,,-0.2825,,01/01/2022,12/31/2023,0.2347,,No,
YES,ST PETER'S HOSPITAL,330057,NY,2025,1.2416,,1.7523,,07/01/2021,06/30/2023,0.477,,-0.5299,,0.672,,0.0411,,0.969,,0.2295,,0.493,,0.1976,,0.664,,-0.2825,,01/01/2022,12/31/2023,0.2347,,No,
YES,STATEN ISLAND UNIVERSITY HOSPITAL,330160,NY,2025,1.3489,,2.3656,,07/01/2021,06/30/2023,1.245,,1.0453,,0.800,,0.3143,,0.307,,-0.9209,,0.692,,0.9009,,1.592,,1.4725,,01/01/2022,12/31/2023,0.8630,,Yes,
YES,STATEN ISLAND UNIVERSITY HOSPITAL,330160,NY,2025,1.3489,,2.3656,,07/01/2021,06/30/2023,1.245,,1.0453,,0.800,,0.3143,,0.307,,-0.9209,,0.692,,0.9009,,1.592,,1.4725,,01/01/2022,12/31/2023,0.8630,,Yes,
YES,LONG ISLAND COMMUNITY HOSPITAL,330141,NY,2025,0.9268,,-0.4453,,07/01/2021,06/30/2023,0.967,,0.4751,,0.343,,-0.6609,,1.806,,1.6839,,0.320,,-0.4138,,1.219,,0.7671,,01/01/2022,12/31/2023,0.2343,,No,
YES,SUNY/STONY BROOK UNIVERSITY HOSPITAL,330393,NY,2025,0.9164,,-0.5179,,07/01/2021,06/30/2023,0.694,,-0.0849,,0.893,,0.5127,,1.406,,0.9888,,0.456,,0.0668,,1.119,,0.5780,,01/01/2022,12/31/2023,0.2573,,No,
YES,STRONG MEMORIAL HOSPITAL,330285,NY,2025,1.4502,,2.3656,,07/01/2021,06/30/2023,1.112,,0.7725,,0.932,,0.5959,,1.447,,1.0601,,0.413,,-0.0851,,0.692,,-0.2296,,01/01/2022,12/31/2023,0.7466,,Yes,
YES,SUNNYVIEW HOSPITAL AND REHABILITATION CENTER,330406,NY,2025,N/A,13,N/A,5,07/01/2021,06/30/2023,N/A,13,N/A,5,N/A,13,N/A,5,N/A,12,N/A,5,0.000,,-1.5447,,N/A,13,N/A,5,01/01/2022,12/31/2023,-1.5447,,No,
YES,UNITY HOSPITAL,330226,NY,2025,1.1175,,0.8862,,07/01/2021,06/30/2023,0.400,,-0.6879,,0.622,,-0.0656,,0.150,,-1.1937,,0.613,,0.6217,,0.908,,0.1789,,01/01/2022,12/31/2023,-0.0434,,No,
YES,SUNY/DOWNSTATE UNIVERSITY HOSPITAL OF BROOKLYN,330350,NY,2025,0.9072,,-0.5823,,07/01/2021,06/30/2023,0.648,,-0.1792,,0.710,,0.1222,,1.153,,0.5492,,0.590,,0.5404,,0.638,,-0.3317,,01/01/2022,12/31/2023,0.0198,,No,
YES,CHAMPLAIN VALLEY PHYSICIANS HOSPITAL MEDICAL CTR,330250,NY,2025,1.4703,,2.3656,,07/01/2021,06/30/2023,0.742,,0.0136,,2.055,,2.3371,,1.070,,0.4050,,0.844,,1.4380,,0.636,,-0.3355,,01/01/2022,12/31/2023,1.0373,,Yes,
YES,UNITY HOSPITAL,330226,NY,2025,1.1175,,0.8862,,07/01/2021,06/30/2023,0.400,,-0.6879,,0.622,,-0.0656,,0.150,,-1.1937,,0.613,,0.6217,,0.908,,0.1789,,01/01/2022,12/31/2023,-0.0434,,No,
YES,UNITY HOSPITAL,330226,NY,2025,1.1175,,0.8862,,07/01/2021,06/30/2023,0.400,,-0.6879,,0.622,,-0.0656,,0.150,,-1.1937,,0.613,,0.6217,,0.908,,0.1789,,01/01/2022,12/31/2023,-0.0434,,No,
YES,"UNITED HEALTH SERVICES HOSPITALS, INC",330394,NY,2025,1.5391,,2.3656,,07/01/2021,06/30/2023,1.088,,0.7233,,0.578,,-0.1594,,1.062,,0.3911,,0.634,,0.6959,,1.102,,0.5458,,01/01/2022,12/31/2023,0.7604,,Yes,
YES,"UNITED HEALTH SERVICES HOSPITALS, INC",330394,NY,2025,1.5391,,2.3656,,07/01/2021,06/30/2023,1.088,,0.7233,,0.578,,-0.1594,,1.062,,0.3911,,0.634,,0.6959,,1.102,,0.5458,,01/01/2022,12/31/2023,0.7604,,Yes,
YES,UNITED MEMORIAL MEDICAL CENTER,330073,NY,2025,1.1080,,0.8193,,07/01/2021,06/30/2023,0.000,,-1.5083,,0.299,,-0.7548,,0.000,,-1.4543,,0.955,,1.8303,,0.439,,-0.7080,,01/01/2022,12/31/2023,-0.2960,,No,
YES,UNITED MEMORIAL MEDICAL CENTER,330073,NY,2025,1.1080,,0.8193,,07/01/2021,06/30/2023,0.000,,-1.5083,,0.299,,-0.7548,,0.000,,-1.4543,,0.955,,1.8303,,0.439,,-0.7080,,01/01/2022,12/31/2023,-0.2960,,No,
YES,UNITY SPECIALTY HOSPITAL,330411,NY,2025,N/A,5,N/A,5,07/01/2021,06/30/2023,N/A,13,N/A,5,N/A,13,N/A,5,N/A,18,2.1687,18,N/A,13,N/A,5,N/A,13,N/A,5,01/01/2022,12/31/2023,2.1687,18,Yes,
YES,SUNY/DOWNSTATE UNIVERSITY HOSPITAL OF BROOKLYN,330350,NY,2025,0.9072,,-0.5823,,07/01/2021,06/30/2023,0.648,,-0.1792,,0.710,,0.1222,,1.153,,0.5492,,0.590,,0.5404,,0.638,,-0.3317,,01/01/2022,12/31/2023,0.0198,,No,
YES,UNIVERSITY HOSPITAL S U N Y HEALTH SCIENCE CENTER,330241,NY,2025,1.2418,,1.7534,,07/01/2021,06/30/2023,0.447,,-0.5915,,0.853,,0.4274,,0.919,,0.1426,,0.542,,0.3708,,1.453,,1.2096,,01/01/2022,12/31/2023,0.5521,,Yes,
YES,UPMC CHAUTAUQUA AT WCA,330239,NY,2025,0.9070,,-0.5835,,07/01/2021,06/30/2023,1.807,,2.1426,,0.633,,-0.0421,,0.608,,-0.3978,,0.850,,1.4593,,0.466,,-0.6570,,01/01/2022,12/31/2023,0.3203,,No,
YES,VASSAR BROTHERS MEDICAL CENTER,330023,NY,2025,1.1132,,0.8559,,07/01/2021,06/30/2023,0.460,,-0.5648,,0.519,,-0.2853,,0.654,,-0.3179,,0.481,,0.1552,,0.617,,-0.3714,,01/01/2022,12/31/2023,-0.0881,,No,
YES,WESTCHESTER MEDICAL CENTER,330234,NY,2025,1.5068,,2.3656,,07/01/2021,06/30/2023,0.785,,0.1018,,0.580,,-0.1552,,0.409,,-0.7436,,0.892,,1.6077,,0.650,,-0.3090,,01/01/2022,12/31/2023,0.4779,,Yes,
YES,"WESTFIELD MEMORIAL HOSPITAL, INC",330166,NY,2025,N/A,13,N/A,5,07/01/2021,06/30/2023,N/A,13,N/A,5,N/A,13,N/A,5,N/A,13,N/A,5,N/A,13,N/A,5,N/A,13,N/A,5,01/01/2022,12/31/2023,N/A,5,No,
YES,WHITE PLAINS HOSPITAL CENTER,330304,NY,2025,0.7484,,-1.5737,,07/01/2021,06/30/2023,0.241,,-1.0140,,0.399,,-0.5414,,0.400,,-0.7593,,0.146,,-1.0287,,0.356,,-0.8650,,01/01/2022,12/31/2023,-0.9637,,No,
YES,WOODHULL MEDICAL & MENTAL HEALTH CENTER,330396,NY,2025,1.6857,,2.3656,,07/01/2021,06/30/2023,0.258,,-0.9791,,0.757,,0.2225,,2.230,,2.1687,,0.342,,-0.3361,,1.111,,0.5628,,01/01/2022,12/31/2023,0.6674,,Yes,
YES,WYCKOFF HEIGHTS MEDICAL CENTER,330221,NY,2025,1.0141,,0.1642,,07/01/2021,06/30/2023,0.729,,-0.0131,,1.768,,2.3371,,0.731,,-0.1841,,0.591,,0.5439,,0.400,,-0.7818,,01/01/2022,12/31/2023,0.3444,,No,
YES,WYNN HOSPITAL,330044,NY,2025,1.2226,,1.6194,,07/01/2021,06/30/2023,1.077,,0.7007,,0.809,,0.3335,,1.896,,1.8403,,0.615,,0.6287,,1.382,,1.0754,,01/01/2022,12/31/2023,1.0330,,Yes,
YES,WYOMING COUNTY COMMUNITY HOSPITAL,330008,NY,2025,1.1133,,0.8567,,07/01/2021,06/30/2023,N/A,13,N/A,5,N/A,13,N/A,5,N/A,13,N/A,5,0.393,,-0.1558,,N/A,13,N/A,5,01/01/2022,12/31/2023,0.3504,,No,
YES (NOT IN NATIONAL DATA),Adirondack Medical Center-Lake Placid Site,,NY,,,,,,,,,,,,,,,,,,,,,,,,,,,,,,,,,
YES (NOT IN NATIONAL DATA),Albany Medical Center - South Clinical Campus,,NY,,,,,,,,,,,,,,,,,,,,,,,,,,,,,,,,,
YES (NOT IN NATIONAL DATA),Blythedale Children's Hospital,,NY,,,,,,,,,,,,,,,,,,,,,,,,,,,,,,,,,
YES (NOT IN NATIONAL DATA),Buffalo General Medical Center,,NY,,,,,,,,,,,,,,,,,,,,,,,,,,,,,,,,,
YES (NOT IN NATIONAL DATA),Calvary Hospital,,NY,,,,,,,,,,,,,,,,,,,,,,,,,,,,,,,,,
YES (NOT IN NATIONAL DATA),Calvary Hospital Inc,,NY,,,,,,,,,,,,,,,,,,,,,,,,,,,,,,,,,
YES (NOT IN NATIONAL DATA),Carthage Area Hospital Inc,,NY,,,,,,,,,,,,,,,,,,,,,,,,,,,,,,,,,
YES (NOT IN NATIONAL DATA),Children's Pavilion Upstate Medical University,,NY,,,,,,,,,,,,,,,,,,,,,,,,,,,,,,,,,
YES (NOT IN NATIONAL DATA),Claxton-Hepburn Medical Campus,,NY,,,,,,,,,,,,,,,,,,,,,,,,,,,,,,,,,
YES (NOT IN NATIONAL DATA),Clifton-Fine Hospital,,NY,,,,,,,,,,,,,,,,,,,,,,,,,,,,,,,,,
YES (NOT IN NATIONAL DATA),Cobleskill Regional Hospital,,NY,,,,,,,,,,,,,,,,,,,,,,,,,,,,,,,,,
YES (NOT IN NATIONAL DATA),David H. Koch Center For Cancer Care,,NY,,,,,,,,,,,,,,,,,,,,,,,,,,,,,,,,,
YES (NOT IN NATIONAL DATA),Delaware Valley Hospital Inc,,NY,,,,,,,,,,,,,,,,,,,,,,,,,,,,,,,,,
YES (NOT IN NATIONAL DATA),Ellenville Regional Hospital,,NY,,,,,,,,,,,,,,,,,,,,,,,,,,,,,,,,,
YES (NOT IN NATIONAL DATA),F.F. Thompson Hospital,,NY,,,,,,,,,,,,,,,,,,,,,,,,,,,,,,,,,
YES (NOT IN NATIONAL DATA),Gouverneur Hospital,,NY,,,,,,,,,,,,,,,,,,,,,,,,,,,,,,,,,
YES (NOT IN NATIONAL DATA),Henry J. Carter Specialty Hospital,,NY,,,,,,,,,,,,,,,,,,,,,,,,,,,,,,,,,
YES (NOT IN NATIONAL DATA),Interfaith Medical Center,,NY,,,,,,,,,,,,,,,,,,,,,,,,,,,,,,,,,
YES (NOT IN NATIONAL DATA),John R. Oishei Children's Hospital,,NY,,,,,,,,,,,,,,,,,,,,,,,,,,,,,,,,,
YES (NOT IN NATIONAL DATA),Kingsbrook Jewish Medical Village,,NY,,,,,,,,,,,,,,,,,,,,,,,,,,,,,,,,,
YES (NOT IN NATIONAL DATA),Lakeview Center for Mental Health and Wellness,,NY,,,,,,,,,,,,,,,,,,,,,,,,,,,,,,,,,
YES (NOT IN NATIONAL DATA),Lewis County General Hospital,,NY,,,,,,,,,,,,,,,,,,,,,,,,,,,,,,,,,
YES (NOT IN NATIONAL DATA),Little Falls Hospital,,NY,,,,,,,,,,,,,,,,,,,,,,,,,,,,,,,,,
YES (NOT IN NATIONAL DATA),Margaretville Hospital,,NY,,,,,,,,,,,,,,,,,,,,,,,,,,,,,,,,,
YES (NOT IN NATIONAL DATA),Mary Imogene Bassett Hospital,,NY,,,,,,,,,,,,,,,,,,,,,,,,,,,,,,,,,
YES (NOT IN NATIONAL DATA),Massena Hospital,,NY,,,,,,,,,,,,,,,,,,,,,,,,,,,,,,,,,
YES (NOT IN NATIONAL DATA),Medina Memorial Hospital,,NY,,,,,,,,,,,,,,,,,,,,,,,,,,,,,,,,,
YES (NOT IN NATIONAL DATA),Memorial Hospital for Cancer and Allied Diseases,,NY,,,,,,,,,,,,,,,,,,,,,,,,,,,,,,,,,
YES (NOT IN NATIONAL DATA),Mercy Hospital - Mercy Hospital Orchard Park Division,,NY,,,,,,,,,,,,,,,,,,,,,,,,,,,,,,,,,
YES (NOT IN NATIONAL DATA),Millard Fillmore Suburban Hospital,,NY,,,,,,,,,,,,,,,,,,,,,,,,,,,,,,,,,
YES (NOT IN NATIONAL DATA),Montefiore Med Center - Jack D Weiler Hosp of A Einstein College Div,,NY,,,,,,,,,,,,,,,,,,,,,,,,,,,,,,,,,
YES (NOT IN NATIONAL DATA),Montefiore Nyack,,NY,,,,,,,,,,,,,,,,,,,,,,,,,,,,,,,,,
YES (NOT IN NATIONAL DATA),New York-Presbyterian/Hudson Valley Hospital,,NY,,,,,,,,,,,,,,,,,,,,,,,,,,,,,,,,,
YES (NOT IN NATIONAL DATA),New York-Presbyterian/Lower Manhattan Hospital,,NY,,,,,,,,,,,,,,,,,,,,,,,,,,,,,,,,,
YES (NOT IN NATIONAL DATA),North Central Bronx Hospital,,NY,,,,,,,,,,,,,,,,,,,,,,,,,,,,,,,,,
YES (NOT IN NATIONAL DATA),Northwell Greenwich Village Hospital,,NY,,,,,,,,,,,,,,,,,,,,,,,,,,,,,,,,,
YES (NOT IN NATIONAL DATA),O'Connor Hospital,,NY,,,,,,,,,,,,,,,,,,,,,,,,,,,,,,,,,
YES (NOT IN NATIONAL DATA),RUMC-Bayley Seton,,NY,,,,,,,,,,,,,,,,,,,,,,,,,,,,,,,,,
YES (NOT IN NATIONAL DATA),"River Hospital, Inc.",,NY,,,,,,,,,,,,,,,,,,,,,,,,,,,,,,,,,
YES (NOT IN NATIONAL DATA),Rockefeller University Hospital,,NY,,,,,,,,,,,,,,,,,,,,,,,,,,,,,,,,,
YES (NOT IN NATIONAL DATA),Roswell Park Cancer Institute,,NY,,,,,,,,,,,,,,,,,,,,,,,,,,,,,,,,,
YES (NOT IN NATIONAL DATA),SBH Health System,,NY,,,,,,,,,,,,,,,,,,,,,,,,,,,,,,,,,
YES (NOT IN NATIONAL DATA),SJRH - Dobbs Ferry Pavillion,,NY,,,,,,,,,,,,,,,,,,,,,,,,,,,,,,,,,
YES (NOT IN NATIONAL DATA),SJRH - Park Care Pavilion,,NY,,,,,,,,,,,,,,,,,,,,,,,,,,,,,,,,,
YES (NOT IN NATIONAL DATA),Samaritan Hospital - Albany Memorial Campus,,NY,,,,,,,,,,,,,,,,,,,,,,,,,,,,,,,,,
YES (NOT IN NATIONAL DATA),Schuyler Hospital,,NY,,,,,,,,,,,,,,,,,,,,,,,,,,,,,,,,,
YES (NOT IN NATIONAL DATA),Stony Brook Southampton Hospital,,NY,,,,,,,,,,,,,,,,,,,,,,,,,,,,,,,,,
YES (NOT IN NATIONAL DATA),Syosset Hospital,,NY,,,,,,,,,,,,,,,,,,,,,,,,,,,,,,,,,
YES (NOT IN NATIONAL DATA),UPSTATE University Hospital at Community General,,NY,,,,,,,,,,,,,,,,,,,,,,,,,,,,,,,,,
YES (NOT IN NATIONAL DATA),URMC Strong West,,NY,,,,,,,,,,,,,,,,,,,,,,,,,,,,,,,,,
YES (NOT IN NATIONAL DATA),Winifred Masterson Burke Rehabilitation Hospital,,NY,,,,,,,,,,,,,,,,,,,,,,,,,,,,,,,,,
NO,BASSETT HEALTHCARE,330136,NY,2025,1.5164,,2.3656,,07/01/2021,06/30/2023,1.154,,0.8587,,0.667,,0.0305,,0.997,,0.2781,,0.831,,1.3921,,0.832,,0.0352,,01/01/2022,12/31/2023,0.8267,,Yes,
NO,CLAXTON-HEPBURN MEDICAL CENTER,330211,NY,2025,0.9127,,-0.5440,,07/01/2021,06/30/2023,0.455,,-0.5751,,0.442,,-0.4496,,N/A,13,N/A,5,0.964,,1.8621,,N/A,13,N/A,5,01/01/2022,12/31/2023,0.0734,,No,
NO,F F THOMPSON HOSPITAL,330074,NY,2025,1.1360,,1.0149,,07/01/2021,06/30/2023,2.132,,2.1426,,0.939,,0.6109,,1.379,,0.9419,,0.753,,1.1164,,0.654,,-0.3014,,01/01/2022,12/31/2023,0.9209,,Yes,
NO,HUDSON VALLEY HOSPITAL CENTER,330267,NY,2025,1.1130,,0.8543,,07/01/2021,06/30/2023,0.526,,-0.4294,,0.000,,-1.3928,,0.000,,-1.4543,,0.337,,-0.3537,,2.721,,2.2555,,01/01/2022,12/31/2023,-0.0868,,No,
NO,JONES MEMORIAL HOSPITAL,330096,NY,2025,1.0966,,0.7399,,07/01/2021,06/30/2023,N/A,13,N/A,5,0.000,,-1.3928,,N/A,13,N/A,5,0.283,,-0.5446,,N/A,13,N/A,5,01/01/2022,12/31/2023,-0.3991,,No,
NO,KALEIDA HEALTH,330005,NY,2025,1.3771,,2.3656,,07/01/2021,06/30/2023,0.974,,0.4895,,0.697,,0.0945,,0.630,,-0.3596,,0.808,,1.3108,,0.913,,0.1884,,01/01/2022,12/31/2023,0.6815,,Yes,
NO,MERCY MEDICAL CENTER,330259,NY,2025,1.2671,,1.9303,,07/01/2021,06/30/2023,0.552,,-0.3761,,0.218,,-0.9276,,0.648,,-0.3283,,0.104,,-1.1772,,0.776,,-0.0707,,01/01/2022,12/31/2023,-0.1583,,No,
NO,MOUNT ST. MARY'S HOSPITAL & HEALTH CENTER,330188,NY,2025,0.9426,,-0.3355,,07/01/2021,06/30/2023,0.000,,-1.5083,,0.869,,0.4615,,0.534,,-0.5264,,0.102,,-1.1842,,0.000,,-1.5383,,01/01/2022,12/31/2023,-0.7719,,No,
NO,NS/LIJ HS SOUTHSIDE HOSPITAL,330043,NY,2025,0.7500,,-1.5737,,07/01/2021,06/30/2023,0.448,,-0.5894,,0.299,,-0.7548,,0.208,,-1.0929,,0.199,,-0.8414,,1.181,,0.6952,,01/01/2022,12/31/2023,-0.6928,,No,
NO,NY EYE AND EAR INFIRMARY OF MOUNT SINAI,330100,NY,2025,N/A,5,N/A,5,07/01/2021,06/30/2023,N/A,13,N/A,5,N/A,13,N/A,5,N/A,13,N/A,5,N/A,13,N/A,5,N/A,13,N/A,5,01/01/2022,12/31/2023,N/A,5,No,
NO,NYACK HOSPITAL,330104,NY,2025,1.0209,,0.2113,,07/01/2021,06/30/2023,0.757,,0.0444,,0.994,,0.7282,,1.110,,0.4745,,0.265,,-0.6082,,0.442,,-0.7024,,01/01/2022,12/31/2023,0.0246,,No,
NO,"SAMARITAN HOSPITAL OF TROY, NEW YORK",330180,NY,2025,0.8877,,-0.7188,,07/01/2021,06/30/2023,1.634,,1.8432,,0.585,,-0.1445,,0.477,,-0.6255,,0.257,,-0.6365,,1.010,,0.3718,,01/01/2022,12/31/2023,0.0150,,No,
NO,ST BARNABAS HOSPITAL,330399,NY,2025,1.5041,,2.3656,,07/01/2021,06/30/2023,0.564,,-0.3515,,0.104,,-1.1709,,1.207,,0.6431,,0.103,,-1.1807,,0.754,,-0.1123,,01/01/2022,12/31/2023,0.0322,,No,
NO,ST JOHN'S EPISCOPAL HOSPITAL AT SOUTH SHORE,330395,NY,2025,1.1393,,1.0380,,07/01/2021,06/30/2023,2.783,,2.1426,,0.989,,0.7176,,0.639,,-0.3439,,0.799,,1.2790,,2.307,,2.2555,,01/01/2022,12/31/2023,1.1815,,Yes,
