In 219 List,Fiscal Year,Facility ID,Facility Name,Address,City/Town,State,ZIP Code,County/Parish,MORT-30-AMI Achievement Threshold,MORT-30-AMI Benchmark,MORT-30-AMI Baseline Rate,MORT-30-AMI Performance Rate,MORT-30-AMI Achievement Points,MORT-30-AMI Improvement Points,MORT-30-AMI Measure Score,MORT-30-HF Achievement Threshold,MORT-30-HF Benchmark,MORT-30-HF Baseline Rate,MORT-30-HF Performance Rate,MORT-30-HF Achievement Points,MORT-30-HF Improvement Points,MORT-30-HF Measure Score,MORT-30-PN Achievement Threshold,MORT-30-PN Benchmark,MORT-30-PN Baseline Rate,MORT-30-PN Performance Rate,MORT-30-PN Achievement Points,MORT-30-PN Improvement Points,MORT-30-PN Measure Score,MORT-30-COPD Achievement Threshold,MORT-30-COPD Benchmark,MORT-30-COPD Baseline Rate,MORT-30-COPD Performance Rate,MORT-30-COPD Achievement Points,MORT-30-COPD Improvement Points,MORT-30-COPD Measure Score,MORT-30-CABG Achievement Threshold,MORT-30-CABG Benchmark,MORT-30-CABG Baseline Rate,MORT-30-CABG Performance Rate,MORT-30-CABG Achievement Points,MORT-30-CABG Improvement Points,MORT-30-CABG Measure Score,COMP-HIP-KNEE Achievement Threshold,COMP-HIP-KNEE Benchmark,COMP-HIP-KNEE Baseline Rate,COMP-HIP-KNEE Performance Rate,COMP-HIP-KNEE Achievement Points,COMP-HIP-KNEE Improvement Points,COMP-HIP-KNEE Measure Score
YES,2025,330085,AURELIA OSBORN FOX MEMORIAL HOSPITAL,ONE NORTON AVENUE,ONEONTA,NY,13820,OTSEGO,0.872624,0.889994,0.874860,Not Available,Not Available,Not Available,Not Available,0.883990,0.910344,0.895090,0.849511,0 out of 10,0 out of 9,0 out of 10,0.841475,0.874425,0.849124,0.845918,2 out of 10,0 out of 9,2 out of 10,0.915127,0.932236,0.896261,0.892710,0 out of 10,0 out of 9,0 out of 10,0.970100,0.979775,Not Available,Not Available,Not Available,Not Available,Not Available,0.025332,0.017946,0.033234,0.025989,0 out of 10,4 out of 9,4 out of 10
YES,2025,330079,ADIRONDACK MEDICAL CENTER - SARANAC LAKE,"2233 STATE ROUTE 86, PO BOX 471",SARANAC LAKE,NY,12983,FRANKLIN,0.872624,0.889994,0.868683,Not Available,Not Available,Not Available,Not Available,0.883990,0.910344,0.892968,0.842117,0 out of 10,0 out of 9,0 out of 10,0.841475,0.874425,0.850179,0.811290,0 out of 10,0 out of 9,0 out of 10,0.915127,0.932236,0.914514,0.910110,0 out of 10,0 out of 9,0 out of 10,0.970100,0.979775,Not Available,Not Available,Not Available,Not Available,Not Available,0.025332,0.017946,0.025643,0.020785,6 out of 10,6 out of 9,6 out of 10
YES,2025,330090,ARNOT OGDEN MEDICAL CENTER,600 ROE AVENUE,ELMIRA,NY,14905,CHEMUNG,0.872624,0.889994,0.871697,0.860013,0 out of 10,0 out of 9,0 out of 10,0.883990,0.910344,0.872034,0.839800,0 out of 10,0 out of 9,0 out of 10,0.841475,0.874425,0.843855,0.804322,0 out of 10,0 out of 9,0 out of 10,0.915127,0.932236,0.915907,0.880370,0 out of 10,0 out of 9,0 out of 10,0.970100,0.979775,0.972786,Not Available,Not Available,Not Available,Not Available,0.025332,0.017946,0.024539,0.026757,0 out of 10,0 out of 9,0 out of 10
YES,2025,330204,BELLEVUE HOSPITAL CENTER,462 FIRST AVENUE,NEW YORK,NY,10016,NEW YORK,0.872624,0.889994,0.853860,0.881566,5 out of 10,7 out of 9,7 out of 10,0.883990,0.910344,0.892586,0.886140,1 out of 10,0 out of 9,1 out of 10,0.841475,0.874425,0.842500,0.837128,0 out of 10,0 out of 9,0 out of 10,0.915127,0.932236,0.917294,Not Available,Not Available,Not Available,Not Available,0.970100,0.979775,Not Available,Not Available,Not Available,Not Available,Not Available,0.025332,0.017946,Not Available,Not Available,Not Available,Not Available,Not Available
YES,2025,330135,BON SECOURS COMMUNITY HOSPITAL,160 EAST MAIN STREET,PORT JERVIS,NY,12771,ORANGE,0.872624,0.889994,0.872461,0.878371,3 out of 10,3 out of 9,3 out of 10,0.883990,0.910344,0.877773,0.862694,0 out of 10,0 out of 9,0 out of 10,0.841475,0.874425,0.838293,0.832033,0 out of 10,0 out of 9,0 out of 10,0.915127,0.932236,0.911842,0.902419,0 out of 10,0 out of 9,0 out of 10,0.970100,0.979775,Not Available,Not Available,Not Available,Not Available,Not Available,0.025332,0.017946,0.027895,Not Available,Not Available,Not Available,Not Available
YES,2025,330009,BRONXCARE HOSPITAL CENTER,1276 FULTON AVENUE,BRONX,NY,10456,BRONX,0.872624,0.889994,0.857960,0.887613,8 out of 10,9 out of 9,9 out of 10,0.883990,0.910344,0.896088,0.898507,5 out of 10,1 out of 9,5 out of 10,0.841475,0.874425,0.855353,0.851856,3 out of 10,0 out of 9,3 out of 10,0.915127,0.932236,0.916056,0.908233,0 out of 10,0 out of 9,0 out of 10,0.970100,0.979775,Not Available,Not Available,Not Available,Not Available,Not Available,0.025332,0.017946,Not Available,Not Available,Not Available,Not Available,Not Available
YES,2025,330009,BRONXCARE HOSPITAL CENTER,1276 FULTON AVENUE,BRONX,NY,10456,BRONX,0.872624,0.889994,0.857960,0.887613,8 out of 10,9 out of 9,9 out of 10,0.883990,0.910344,0.896088,0.898507,5 out of 10,1 out of 9,5 out of 10,0.841475,0.874425,0.855353,0.851856,3 out of 10,0 out of 9,3 out of 10,0.915127,0.932236,0.916056,0.908233,0 out of 10,0 out of 9,0 out of 10,0.970100,0.979775,Not Available,Not Available,Not Available,Not Available,Not Available,0.025332,0.017946,Not Available,Not Available,Not Available,Not Available,Not Available
YES,2025,330233,BROOKDALE HOSPITAL MEDICAL CENTER,1 BROOKDALE PLAZA,BROOKLYN,NY,11212,KINGS,0.872624,0.889994,0.852339,0.870363,0 out of 10,4 out of 9,4 out of 10,0.883990,0.910344,0.878546,0.874620,0 out of 10,0 out of 9,0 out of 10,0.841475,0.874425,0.827195,0.795818,0 out of 10,0 out of 9,0 out of 10,0.915127,0.932236,0.921342,0.884519,0 out of 10,0 out of 9,0 out of 10,0.970100,0.979775,Not Available,Not Available,Not Available,Not Available,Not Available,0.025332,0.017946,Not Available,Not Available,Not Available,Not Available,Not Available
YES,2025,330056,BROOKLYN HOSPITAL CENTER - DOWNTOWN CAMPUS,121 DEKALB AVENUE,BROOKLYN,NY,11201,KINGS,0.872624,0.889994,0.872197,0.888762,9 out of 10,9 out of 9,9 out of 10,0.883990,0.910344,0.887065,0.897977,5 out of 10,4 out of 9,5 out of 10,0.841475,0.874425,0.811787,0.790545,0 out of 10,0 out of 9,0 out of 10,0.915127,0.932236,0.922765,0.909544,0 out of 10,0 out of 9,0 out of 10,0.970100,0.979775,Not Available,Not Available,Not Available,Not Available,Not Available,0.025332,0.017946,0.025191,0.025236,1 out of 10,0 out of 9,1 out of 10
YES,2025,330005,KALEIDA HEALTH,100 HIGH STREET,BUFFALO,NY,14210,ERIE,0.872624,0.889994,0.870135,0.889362,9 out of 10,9 out of 9,9 out of 10,0.883990,0.910344,0.873417,0.909205,9 out of 10,9 out of 9,9 out of 10,0.841475,0.874425,0.813777,0.854750,4 out of 10,6 out of 9,6 out of 10,0.915127,0.932236,0.920410,0.923138,5 out of 10,2 out of 9,5 out of 10,0.970100,0.979775,0.969531,0.978930,9 out of 10,9 out of 9,9 out of 10,0.025332,0.017946,0.023095,0.026293,0 out of 10,0 out of 9,0 out of 10
YES,2025,330197,CANTON-POTSDAM HOSPITAL,50 LEROY STREET,POTSDAM,NY,13676,ST. LAWRENCE,0.872624,0.889994,0.885805,0.886657,8 out of 10,2 out of 9,8 out of 10,0.883990,0.910344,0.897484,0.881727,0 out of 10,0 out of 9,0 out of 10,0.841475,0.874425,0.872272,0.805283,0 out of 10,0 out of 9,0 out of 10,0.915127,0.932236,0.926007,0.916192,1 out of 10,0 out of 9,1 out of 10,0.970100,0.979775,Not Available,Not Available,Not Available,Not Available,Not Available,0.025332,0.017946,0.031124,Not Available,Not Available,Not Available,Not Available
YES,2025,330307,CAYUGA MEDICAL CENTER AT ITHACA,101 DATES DRIVE,ITHACA,NY,14850,TOMPKINS,0.872624,0.889994,0.872131,0.881377,5 out of 10,5 out of 9,5 out of 10,0.883990,0.910344,0.842561,0.870757,0 out of 10,4 out of 9,4 out of 10,0.841475,0.874425,0.836777,0.776605,0 out of 10,0 out of 9,0 out of 10,0.915127,0.932236,0.875470,0.882526,0 out of 10,1 out of 9,1 out of 10,0.970100,0.979775,Not Available,Not Available,Not Available,Not Available,Not Available,0.025332,0.017946,0.028565,0.032875,0 out of 10,0 out of 9,0 out of 10
YES,2025,330033,CHENANGO MEMORIAL HOSPITAL,179 NORTH BROAD STREET,NORWICH,NY,13815,CHENANGO,0.872624,0.889994,Not Available,Not Available,Not Available,Not Available,Not Available,0.883990,0.910344,0.872100,0.878566,0 out of 10,1 out of 9,1 out of 10,0.841475,0.874425,0.779455,0.770255,0 out of 10,0 out of 9,0 out of 10,0.915127,0.932236,0.904820,0.880920,0 out of 10,0 out of 9,0 out of 10,0.970100,0.979775,Not Available,Not Available,Not Available,Not Available,Not Available,0.025332,0.017946,0.026327,Not Available,Not Available,Not Available,Not Available
YES,2025,330211,CLAXTON-HEPBURN MEDICAL CENTER,214 KING STREET,OGDENSBURG,NY,13669,ST. LAWRENCE,0.872624,0.889994,0.864448,Not Available,Not Available,Not Available,Not Available,0.883990,0.910344,0.862097,0.883697,0 out of 10,4 out of 9,4 out of 10,0.841475,0.874425,0.824536,0.806868,0 out of 10,0 out of 9,0 out of 10,0.915127,0.932236,0.894744,0.904538,0 out of 10,2 out of 9,2 out of 10,0.970100,0.979775,Not Available,Not Available,Not Available,Not Available,Not Available,0.025332,0.017946,0.025981,Not Available,Not Available,Not Available,Not Available
YES,2025,330265,CLIFTON SPRINGS HOSPITAL AND CLINIC,2 COULTER ROAD,CLIFTON SPRINGS,NY,14432,ONTARIO,0.872624,0.889994,Not Available,Not Available,Not Available,Not Available,Not Available,0.883990,0.910344,0.879376,0.864576,0 out of 10,0 out of 9,0 out of 10,0.841475,0.874425,0.848345,0.826273,0 out of 10,0 out of 9,0 out of 10,0.915127,0.932236,0.917134,Not Available,Not Available,Not Available,Not Available,0.970100,0.979775,Not Available,Not Available,Not Available,Not Available,Not Available,0.025332,0.017946,Not Available,Not Available,Not Available,Not Available,Not Available
YES,2025,330277,CORNING HOSPITAL,1 GUTHRIE DRIVE,CORNING,NY,14830,STEUBEN,0.872624,0.889994,0.870937,Not Available,Not Available,Not Available,Not Available,0.883990,0.910344,0.889164,0.889024,2 out of 10,0 out of 9,2 out of 10,0.841475,0.874425,0.857010,0.804811,0 out of 10,0 out of 9,0 out of 10,0.915127,0.932236,0.920920,0.904248,0 out of 10,0 out of 9,0 out of 10,0.970100,0.979775,Not Available,Not Available,Not Available,Not Available,Not Available,0.025332,0.017946,0.022015,0.037513,0 out of 10,0 out of 9,0 out of 10
YES,2025,330153,ELLIS HOSPITAL,1101 NOTT STREET,SCHENECTADY,NY,12308,SCHENECTADY,0.872624,0.889994,0.864765,0.853140,0 out of 10,0 out of 9,0 out of 10,0.883990,0.910344,0.881746,0.896626,5 out of 10,5 out of 9,5 out of 10,0.841475,0.874425,0.817351,0.845657,2 out of 10,4 out of 9,4 out of 10,0.915127,0.932236,0.900391,0.904660,0 out of 10,1 out of 9,1 out of 10,0.970100,0.979775,0.966571,0.970482,1 out of 10,2 out of 9,2 out of 10,0.025332,0.017946,0.018034,0.025536,0 out of 10,0 out of 9,0 out of 10
YES,2025,330128,ELMHURST HOSPITAL CENTER,79-01 BROADWAY,ELMHURST,NY,11373,QUEENS,0.872624,0.889994,0.863572,0.877420,3 out of 10,5 out of 9,5 out of 10,0.883990,0.910344,0.898677,0.890992,3 out of 10,0 out of 9,3 out of 10,0.841475,0.874425,0.836161,0.807700,0 out of 10,0 out of 9,0 out of 10,0.915127,0.932236,0.919674,0.907754,0 out of 10,0 out of 9,0 out of 10,0.970100,0.979775,Not Available,Not Available,Not Available,Not Available,Not Available,0.025332,0.017946,Not Available,Not Available,Not Available,Not Available,Not Available
YES,2025,330219,ERIE COUNTY MEDICAL CENTER,462 GRIDER STREET,BUFFALO,NY,14215,ERIE,0.872624,0.889994,Not Available,Not Available,Not Available,Not Available,Not Available,0.883990,0.910344,0.900422,0.903178,7 out of 10,2 out of 9,7 out of 10,0.841475,0.874425,0.845577,0.806976,0 out of 10,0 out of 9,0 out of 10,0.915127,0.932236,0.897440,0.912965,0 out of 10,4 out of 9,4 out of 10,0.970100,0.979775,Not Available,Not Available,Not Available,Not Available,Not Available,0.025332,0.017946,0.018330,0.030550,0 out of 10,0 out of 9,0 out of 10
YES,2025,330074,F F THOMPSON HOSPITAL,350 PARRISH STREET,CANANDAIGUA,NY,14424,ONTARIO,0.872624,0.889994,0.863389,0.865934,0 out of 10,0 out of 9,0 out of 10,0.883990,0.910344,0.886930,0.878217,0 out of 10,0 out of 9,0 out of 10,0.841475,0.874425,0.850818,0.851873,3 out of 10,0 out of 9,3 out of 10,0.915127,0.932236,0.918999,0.899858,0 out of 10,0 out of 9,0 out of 10,0.970100,0.979775,Not Available,Not Available,Not Available,Not Available,Not Available,0.025332,0.017946,0.024740,Not Available,Not Available,Not Available,Not Available
YES,2025,330193,FLUSHING HOSPITAL MEDICAL CENTER,45TH AVENUE AND PARSONS BOULEVARD,FLUSHING,NY,11355,QUEENS,0.872624,0.889994,0.874678,Not Available,Not Available,Not Available,Not Available,0.883990,0.910344,0.880166,0.871049,0 out of 10,0 out of 9,0 out of 10,0.841475,0.874425,0.799723,0.814741,0 out of 10,2 out of 9,2 out of 10,0.915127,0.932236,0.909159,0.915883,1 out of 10,2 out of 9,2 out of 10,0.970100,0.979775,Not Available,Not Available,Not Available,Not Available,Not Available,0.025332,0.017946,0.023888,Not Available,Not Available,Not Available,Not Available
YES,2025,330126,GARNET HEALTH MEDICAL CENTER,707 EAST MAIN STREET,MIDDLETOWN,NY,10940,ORANGE,0.872624,0.889994,0.891456,0.896146,10 out of 10,9 out of 9,10 out of 10,0.883990,0.910344,0.902232,0.907167,8 out of 10,6 out of 9,8 out of 10,0.841475,0.874425,0.843369,0.837202,0 out of 10,0 out of 9,0 out of 10,0.915127,0.932236,0.924875,0.916082,1 out of 10,0 out of 9,1 out of 10,0.970100,0.979775,Not Available,Not Available,Not Available,Not Available,Not Available,0.025332,0.017946,0.023392,0.025014,1 out of 10,0 out of 9,1 out of 10
YES,2025,330386,GARNET HEALTH  MEDICAL CENTER CATSKILLS,"68 HARRIS BUSHVILLE ROAD, P O BOX 800",HARRIS,NY,12742,SULLIVAN,0.872624,0.889994,0.861331,0.876160,2 out of 10,5 out of 9,5 out of 10,0.883990,0.910344,0.897926,0.887614,2 out of 10,0 out of 9,2 out of 10,0.841475,0.874425,0.828927,0.814407,0 out of 10,0 out of 9,0 out of 10,0.915127,0.932236,0.913914,0.911884,0 out of 10,0 out of 9,0 out of 10,0.970100,0.979775,Not Available,Not Available,Not Available,Not Available,Not Available,0.025332,0.017946,Not Available,Not Available,Not Available,Not Available,Not Available
YES,2025,330058,GENEVA GENERAL HOSPITAL,196 -198 NORTH STREET,GENEVA,NY,14456,ONTARIO,0.872624,0.889994,Not Available,Not Available,Not Available,Not Available,Not Available,0.883990,0.910344,0.857501,0.882589,0 out of 10,4 out of 9,4 out of 10,0.841475,0.874425,0.818643,0.781896,0 out of 10,0 out of 9,0 out of 10,0.915127,0.932236,0.907112,0.902428,0 out of 10,0 out of 9,0 out of 10,0.970100,0.979775,Not Available,Not Available,Not Available,Not Available,Not Available,0.025332,0.017946,0.028053,0.024752,1 out of 10,3 out of 9,3 out of 10
YES,2025,330181,NORTHWELL HOSPITAL GLEN COVE,101 ST ANDREWS LANE,GLEN COVE,NY,11542,NASSAU,0.872624,0.889994,0.883430,0.876700,3 out of 10,0 out of 9,3 out of 10,0.883990,0.910344,0.876502,0.902463,7 out of 10,7 out of 9,7 out of 10,0.841475,0.874425,0.843606,0.823791,0 out of 10,0 out of 9,0 out of 10,0.915127,0.932236,0.903806,0.910811,0 out of 10,2 out of 9,2 out of 10,0.970100,0.979775,Not Available,Not Available,Not Available,Not Available,Not Available,0.025332,0.017946,Not Available,Not Available,Not Available,Not Available,Not Available
YES,2025,330191,GLENS FALLS HOSPITAL,100 PARK STREET,GLENS FALLS,NY,12801,WARREN,0.872624,0.889994,0.871974,0.840223,0 out of 10,0 out of 9,0 out of 10,0.883990,0.910344,0.859316,0.860180,0 out of 10,0 out of 9,0 out of 10,0.841475,0.874425,0.808798,0.791265,0 out of 10,0 out of 9,0 out of 10,0.915127,0.932236,0.891090,0.877398,0 out of 10,0 out of 9,0 out of 10,0.970100,0.979775,Not Available,Not Available,Not Available,Not Available,Not Available,0.025332,0.017946,0.019397,Not Available,Not Available,Not Available,Not Available
YES,2025,330286,GOOD SAMARITAN HOSPITAL MEDICAL CENTER,1000 MONTAUK HIGHWAY,WEST ISLIP,NY,11795,SUFFOLK,0.872624,0.889994,0.872226,0.860560,0 out of 10,0 out of 9,0 out of 10,0.883990,0.910344,0.887320,0.869890,0 out of 10,0 out of 9,0 out of 10,0.841475,0.874425,0.839190,0.785664,0 out of 10,0 out of 9,0 out of 10,0.915127,0.932236,0.916124,0.905309,0 out of 10,0 out of 9,0 out of 10,0.970100,0.979775,0.978907,0.971642,2 out of 10,0 out of 9,2 out of 10,0.025332,0.017946,0.039834,0.032599,0 out of 10,3 out of 9,3 out of 10
YES,2025,330158,GOOD SAMARITAN HOSPITAL OF SUFFERN,255 LAFAYETTE AVENUE,SUFFERN,NY,10901,ROCKLAND,0.872624,0.889994,0.871823,0.875284,2 out of 10,1 out of 9,2 out of 10,0.883990,0.910344,0.885559,0.887946,2 out of 10,0 out of 9,2 out of 10,0.841475,0.874425,0.830089,0.813901,0 out of 10,0 out of 9,0 out of 10,0.915127,0.932236,0.931792,0.900913,0 out of 10,0 out of 9,0 out of 10,0.970100,0.979775,0.975343,0.969721,0 out of 10,0 out of 9,0 out of 10,0.025332,0.017946,0.022499,0.023746,2 out of 10,0 out of 9,2 out of 10
YES,2025,330175,GUTHRIE CORTLAND REGIONAL MEDICAL CENTER,134 HOMER AVENUE,CORTLAND,NY,13045,CORTLAND,0.872624,0.889994,Not Available,Not Available,Not Available,Not Available,Not Available,0.883990,0.910344,0.904744,0.881655,0 out of 10,0 out of 9,0 out of 10,0.841475,0.874425,0.881465,0.864730,7 out of 10,0 out of 9,7 out of 10,0.915127,0.932236,0.923652,0.908628,0 out of 10,0 out of 9,0 out of 10,0.970100,0.979775,Not Available,Not Available,Not Available,Not Available,Not Available,0.025332,0.017946,0.028121,Not Available,Not Available,Not Available,Not Available
YES,2025,330199,METROPOLITAN HOSPITAL CENTER,1901 FIRST AVENUE,NEW YORK,NY,10029,NEW YORK,0.872624,0.889994,0.871490,Not Available,Not Available,Not Available,Not Available,0.883990,0.910344,Not Available,0.887541,2 out of 10,Not Available,2 out of 10,0.841475,0.874425,0.860419,0.832754,0 out of 10,0 out of 9,0 out of 10,0.915127,0.932236,Not Available,Not Available,Not Available,Not Available,Not Available,0.970100,0.979775,Not Available,Not Available,Not Available,Not Available,Not Available,0.025332,0.017946,Not Available,Not Available,Not Available,Not Available,Not Available
YES,2025,330224,HEALTHALLIANCE HOSPITAL MARYS AVENUE CAMPUS,105 MARY'S AVENUE,KINGSTON,NY,12401,ULSTER,0.872624,0.889994,Not Available,0.885445,7 out of 10,Not Available,7 out of 10,0.883990,0.910344,Not Available,0.863842,0 out of 10,Not Available,0 out of 10,0.841475,0.874425,Not Available,0.809030,0 out of 10,Not Available,0 out of 10,0.915127,0.932236,Not Available,0.901413,0 out of 10,Not Available,0 out of 10,0.970100,0.979775,Not Available,Not Available,Not Available,Not Available,Not Available,0.025332,0.017946,0.022047,Not Available,Not Available,Not Available,Not Available
YES,2025,330164,HIGHLAND HOSPITAL,1000 SOUTH AVENUE,ROCHESTER,NY,14617,MONROE,0.872624,0.889994,0.872852,Not Available,Not Available,Not Available,Not Available,0.883990,0.910344,0.856724,0.867223,0 out of 10,1 out of 9,1 out of 10,0.841475,0.874425,0.868790,0.841333,0 out of 10,0 out of 9,0 out of 10,0.915127,0.932236,0.922660,0.901774,0 out of 10,0 out of 9,0 out of 10,0.970100,0.979775,Not Available,Not Available,Not Available,Not Available,Not Available,0.025332,0.017946,0.025595,0.023791,2 out of 10,2 out of 9,2 out of 10
YES,2025,330270,HOSPITAL FOR SPECIAL SURGERY,535 EAST 70TH STREET,NEW YORK,NY,10021,NEW YORK,0.872624,0.889994,Not Available,Not Available,Not Available,Not Available,Not Available,0.883990,0.910344,Not Available,Not Available,Not Available,Not Available,Not Available,0.841475,0.874425,Not Available,Not Available,Not Available,Not Available,Not Available,0.915127,0.932236,Not Available,Not Available,Not Available,Not Available,Not Available,0.970100,0.979775,Not Available,Not Available,Not Available,Not Available,Not Available,0.025332,0.017946,0.017994,0.022986,3 out of 10,0 out of 9,3 out of 10
YES,2025,330045,NS/LIJ HS HUNTINGTON HOSPITAL,270 PARK AVENUE,HUNTINGTON,NY,11743,SUFFOLK,0.872624,0.889994,0.890022,0.875944,2 out of 10,0 out of 9,2 out of 10,0.883990,0.910344,0.921719,0.907404,8 out of 10,0 out of 9,8 out of 10,0.841475,0.874425,0.866067,0.860827,6 out of 10,0 out of 9,6 out of 10,0.915127,0.932236,0.932118,0.918525,2 out of 10,0 out of 9,2 out of 10,0.970100,0.979775,Not Available,Not Available,Not Available,Not Available,Not Available,0.025332,0.017946,0.021755,0.022545,4 out of 10,0 out of 9,4 out of 10
YES,2025,330194,MAIMONIDES MEDICAL CENTER,4802 TENTH AVENUE,BROOKLYN,NY,11219,KINGS,0.872624,0.889994,0.911739,0.896322,10 out of 10,0 out of 9,10 out of 10,0.883990,0.910344,0.911191,0.919838,10 out of 10,9 out of 9,10 out of 10,0.841475,0.874425,0.873282,0.840746,0 out of 10,0 out of 9,0 out of 10,0.915127,0.932236,0.945284,0.901683,0 out of 10,0 out of 9,0 out of 10,0.970100,0.979775,0.978147,0.975963,6 out of 10,0 out of 9,6 out of 10,0.025332,0.017946,0.025980,0.025861,0 out of 10,0 out of 9,0 out of 10
YES,2025,330127,JACOBI MEDICAL CENTER,1400 PELHAM PARKWAY SOUTH,BRONX,NY,10461,BRONX,0.872624,0.889994,0.875795,0.862039,0 out of 10,0 out of 9,0 out of 10,0.883990,0.910344,0.902259,0.900863,6 out of 10,0 out of 9,6 out of 10,0.841475,0.874425,0.864942,0.821094,0 out of 10,0 out of 9,0 out of 10,0.915127,0.932236,0.912726,0.912907,0 out of 10,0 out of 9,0 out of 10,0.970100,0.979775,Not Available,Not Available,Not Available,Not Available,Not Available,0.025332,0.017946,Not Available,Not Available,Not Available,Not Available,Not Available
YES,2025,330014,JAMAICA HOSPITAL MEDICAL CENTER,89TH AVENUE AND VAN WYCK EXPRESSWAY,JAMAICA,NY,11418,KINGS,0.872624,0.889994,0.860770,0.869922,0 out of 10,3 out of 9,3 out of 10,0.883990,0.910344,0.876980,0.886147,1 out of 10,2 out of 9,2 out of 10,0.841475,0.874425,0.800706,0.814572,0 out of 10,1 out of 9,1 out of 10,0.915127,0.932236,0.911397,0.907634,0 out of 10,0 out of 9,0 out of 10,0.970100,0.979775,Not Available,Not Available,Not Available,Not Available,Not Available,0.025332,0.017946,Not Available,Not Available,Not Available,Not Available,Not Available
YES,2025,330185,JOHN T MATHER MEMORIAL HOSPITAL  OF PORT JEFFERSON,75 NORTH COUNTRY ROAD,PORT JEFFERSON,NY,11777,SUFFOLK,0.872624,0.889994,0.870969,0.880502,5 out of 10,5 out of 9,5 out of 10,0.883990,0.910344,0.907712,0.901815,7 out of 10,0 out of 9,7 out of 10,0.841475,0.874425,0.886685,0.868560,8 out of 10,0 out of 9,8 out of 10,0.915127,0.932236,0.950558,0.925775,6 out of 10,0 out of 9,6 out of 10,0.970100,0.979775,Not Available,Not Available,Not Available,Not Available,Not Available,0.025332,0.017946,0.027123,0.028810,0 out of 10,0 out of 9,0 out of 10
YES,2025,330102,KENMORE MERCY HOSPITAL,2950 ELMWOOD AVENUE,KENMORE,NY,14217,ERIE,0.872624,0.889994,0.856268,0.856091,0 out of 10,0 out of 9,0 out of 10,0.883990,0.910344,0.850454,0.844309,0 out of 10,0 out of 9,0 out of 10,0.841475,0.874425,0.820602,0.786984,0 out of 10,0 out of 9,0 out of 10,0.915127,0.932236,0.908818,0.888715,0 out of 10,0 out of 9,0 out of 10,0.970100,0.979775,Not Available,Not Available,Not Available,Not Available,Not Available,0.025332,0.017946,0.019825,Not Available,Not Available,Not Available,Not Available
YES,2025,330202,KINGS COUNTY HOSPITAL CENTER,451 CLARKSON AVENUE,BROOKLYN,NY,11203,KINGS,0.872624,0.889994,0.875477,Not Available,Not Available,Not Available,Not Available,0.883990,0.910344,0.886663,0.891947,3 out of 10,2 out of 9,3 out of 10,0.841475,0.874425,0.824427,0.788533,0 out of 10,0 out of 9,0 out of 10,0.915127,0.932236,0.920732,0.904595,0 out of 10,0 out of 9,0 out of 10,0.970100,0.979775,Not Available,Not Available,Not Available,Not Available,Not Available,0.025332,0.017946,Not Available,Not Available,Not Available,Not Available,Not Available
YES,2025,330119,LENOX HILL HOSPITAL,100 EAST 77TH STREET,NEW YORK,NY,10021,NEW YORK,0.872624,0.889994,0.879384,0.880236,4 out of 10,0 out of 9,4 out of 10,0.883990,0.910344,0.904094,0.909832,9 out of 10,9 out of 9,9 out of 10,0.841475,0.874425,0.874293,0.844416,1 out of 10,0 out of 9,1 out of 10,0.915127,0.932236,0.921265,0.908420,0 out of 10,0 out of 9,0 out of 10,0.970100,0.979775,0.976805,0.983872,10 out of 10,9 out of 9,10 out of 10,0.025332,0.017946,0.020842,0.023057,3 out of 10,0 out of 9,3 out of 10
YES,2025,330080,LINCOLN MEDICAL & MENTAL HEALTH CENTER,234 EAST 149TH STREET,BRONX,NY,10451,BRONX,0.872624,0.889994,0.876555,Not Available,Not Available,Not Available,Not Available,0.883990,0.910344,0.891485,0.891421,3 out of 10,0 out of 9,3 out of 10,0.841475,0.874425,0.834924,0.800997,0 out of 10,0 out of 9,0 out of 10,0.915127,0.932236,0.920463,0.905865,0 out of 10,0 out of 9,0 out of 10,0.970100,0.979775,Not Available,Not Available,Not Available,Not Available,Not Available,0.025332,0.017946,Not Available,Not Available,Not Available,Not Available,Not Available
YES,2025,330195,LONG ISLAND JEWISH MEDICAL CENTER,270 - 05 76TH AVENUE,NEW HYDE PARK,NY,11040,NASSAU,0.872624,0.889994,0.884924,0.882749,6 out of 10,0 out of 9,6 out of 10,0.883990,0.910344,0.899329,0.905684,8 out of 10,5 out of 9,8 out of 10,0.841475,0.874425,0.849729,0.833880,0 out of 10,0 out of 9,0 out of 10,0.915127,0.932236,0.921723,0.913623,0 out of 10,0 out of 9,0 out of 10,0.970100,0.979775,Not Available,Not Available,Not Available,Not Available,Not Available,0.025332,0.017946,0.032695,0.019444,8 out of 10,8 out of 9,8 out of 10
YES,2025,330194,MAIMONIDES MEDICAL CENTER,4802 TENTH AVENUE,BROOKLYN,NY,11219,KINGS,0.872624,0.889994,0.911739,0.896322,10 out of 10,0 out of 9,10 out of 10,0.883990,0.910344,0.911191,0.919838,10 out of 10,9 out of 9,10 out of 10,0.841475,0.874425,0.873282,0.840746,0 out of 10,0 out of 9,0 out of 10,0.915127,0.932236,0.945284,0.901683,0 out of 10,0 out of 9,0 out of 10,0.970100,0.979775,0.978147,0.975963,6 out of 10,0 out of 9,6 out of 10,0.025332,0.017946,0.025980,0.025861,0 out of 10,0 out of 9,0 out of 10
YES,2025,330019,"NEW YORK COMMUNITY HOSPITAL OF BROOKLYN, INC.",2525 KINGS HIGHWAY,BROOKLYN,NY,11229,KINGS,0.872624,0.889994,0.886234,0.872423,0 out of 10,0 out of 9,0 out of 10,0.883990,0.910344,0.911192,0.883853,0 out of 10,0 out of 9,0 out of 10,0.841475,0.874425,0.845381,0.793670,0 out of 10,0 out of 9,0 out of 10,0.915127,0.932236,0.930461,0.917942,2 out of 10,0 out of 9,2 out of 10,0.970100,0.979775,Not Available,Not Available,Not Available,Not Available,Not Available,0.025332,0.017946,Not Available,Not Available,Not Available,Not Available,Not Available
YES,2025,330136,BASSETT HEALTHCARE,ONE ATWELL ROAD,COOPERSTOWN,NY,13326,OTSEGO,0.872624,0.889994,0.875675,0.874137,1 out of 10,0 out of 9,1 out of 10,0.883990,0.910344,0.885663,0.874621,0 out of 10,0 out of 9,0 out of 10,0.841475,0.874425,0.840337,0.797700,0 out of 10,0 out of 9,0 out of 10,0.915127,0.932236,0.904305,0.894643,0 out of 10,0 out of 9,0 out of 10,0.970100,0.979775,0.967786,0.968598,0 out of 10,0 out of 9,0 out of 10,0.025332,0.017946,0.027419,0.029147,0 out of 10,0 out of 9,0 out of 10
YES,2025,330096,JONES MEMORIAL HOSPITAL,191 NORTH MAIN STREET,WELLSVILLE,NY,14895,ALLEGANY,0.872624,0.889994,Not Available,Not Available,Not Available,Not Available,Not Available,0.883990,0.910344,0.866537,0.898290,5 out of 10,7 out of 9,7 out of 10,0.841475,0.874425,0.791428,0.831606,0 out of 10,4 out of 9,4 out of 10,0.915127,0.932236,0.896130,0.903436,0 out of 10,2 out of 9,2 out of 10,0.970100,0.979775,Not Available,Not Available,Not Available,Not Available,Not Available,0.025332,0.017946,Not Available,Not Available,Not Available,Not Available,Not Available
YES,2025,330270,HOSPITAL FOR SPECIAL SURGERY,535 EAST 70TH STREET,NEW YORK,NY,10021,NEW YORK,0.872624,0.889994,Not Available,Not Available,Not Available,Not Available,Not Available,0.883990,0.910344,Not Available,Not Available,Not Available,Not Available,Not Available,0.841475,0.874425,Not Available,Not Available,Not Available,Not Available,Not Available,0.915127,0.932236,Not Available,Not Available,Not Available,Not Available,Not Available,0.970100,0.979775,Not Available,Not Available,Not Available,Not Available,Not Available,0.025332,0.017946,0.017994,0.022986,3 out of 10,0 out of 9,3 out of 10
YES,2025,330259,MERCY MEDICAL CENTER,1000 NORTH VILLAGE AVENUE,ROCKVILLE CENTRE,NY,11570,NASSAU,0.872624,0.889994,0.880068,0.879503,4 out of 10,0 out of 9,4 out of 10,0.883990,0.910344,0.885684,0.869771,0 out of 10,0 out of 9,0 out of 10,0.841475,0.874425,0.819758,0.785054,0 out of 10,0 out of 9,0 out of 10,0.915127,0.932236,0.913000,0.891305,0 out of 10,0 out of 9,0 out of 10,0.970100,0.979775,Not Available,Not Available,Not Available,Not Available,Not Available,0.025332,0.017946,0.026437,0.025164,1 out of 10,1 out of 9,1 out of 10
YES,2025,330279,MERCY HOSPITAL OF BUFFALO,565 ABBOTT ROAD,BUFFALO,NY,14220,ERIE,0.872624,0.889994,0.853946,0.866028,0 out of 10,3 out of 9,3 out of 10,0.883990,0.910344,0.853871,0.858375,0 out of 10,0 out of 9,0 out of 10,0.841475,0.874425,0.814619,0.813544,0 out of 10,0 out of 9,0 out of 10,0.915127,0.932236,0.888416,0.904080,0 out of 10,3 out of 9,3 out of 10,0.970100,0.979775,0.966837,0.974485,5 out of 10,5 out of 9,5 out of 10,0.025332,0.017946,0.021373,Not Available,Not Available,Not Available,Not Available
YES,2025,330199,METROPOLITAN HOSPITAL CENTER,1901 FIRST AVENUE,NEW YORK,NY,10029,NEW YORK,0.872624,0.889994,0.871490,Not Available,Not Available,Not Available,Not Available,0.883990,0.910344,Not Available,0.887541,2 out of 10,Not Available,2 out of 10,0.841475,0.874425,0.860419,0.832754,0 out of 10,0 out of 9,0 out of 10,0.915127,0.932236,Not Available,Not Available,Not Available,Not Available,Not Available,0.970100,0.979775,Not Available,Not Available,Not Available,Not Available,Not Available,0.025332,0.017946,Not Available,Not Available,Not Available,Not Available,Not Available
YES,2025,330023,VASSAR BROTHERS MEDICAL CENTER,45 READE PLACE,POUGHKEEPSIE,NY,12601,DUTCHESS,0.872624,0.889994,0.887656,0.886894,8 out of 10,0 out of 9,8 out of 10,0.883990,0.910344,0.887092,0.905539,8 out of 10,7 out of 9,8 out of 10,0.841475,0.874425,0.853884,0.834976,0 out of 10,0 out of 9,0 out of 10,0.915127,0.932236,0.897814,0.912371,0 out of 10,4 out of 9,4 out of 10,0.970100,0.979775,0.972433,0.978706,9 out of 10,8 out of 9,9 out of 10,0.025332,0.017946,0.030320,Not Available,Not Available,Not Available,Not Available
YES,2025,330059,MONTEFIORE MEDICAL CENTER,111 EAST 210TH STREET,BRONX,NY,10467,BRONX,0.872624,0.889994,0.884516,0.896992,10 out of 10,9 out of 9,10 out of 10,0.883990,0.910344,0.920868,0.923219,10 out of 10,9 out of 9,10 out of 10,0.841475,0.874425,0.868469,0.844911,1 out of 10,0 out of 9,1 out of 10,0.915127,0.932236,0.935254,0.924093,5 out of 10,0 out of 9,5 out of 10,0.970100,0.979775,0.963201,0.962826,0 out of 10,0 out of 9,0 out of 10,0.025332,0.017946,0.026318,0.030620,0 out of 10,0 out of 9,0 out of 10
YES,2025,330059,MONTEFIORE MEDICAL CENTER,111 EAST 210TH STREET,BRONX,NY,10467,BRONX,0.872624,0.889994,0.884516,0.896992,10 out of 10,9 out of 9,10 out of 10,0.883990,0.910344,0.920868,0.923219,10 out of 10,9 out of 9,10 out of 10,0.841475,0.874425,0.868469,0.844911,1 out of 10,0 out of 9,1 out of 10,0.915127,0.932236,0.935254,0.924093,5 out of 10,0 out of 9,5 out of 10,0.970100,0.979775,0.963201,0.962826,0 out of 10,0 out of 9,0 out of 10,0.025332,0.017946,0.026318,0.030620,0 out of 10,0 out of 9,0 out of 10
YES,2025,330059,MONTEFIORE MEDICAL CENTER,111 EAST 210TH STREET,BRONX,NY,10467,BRONX,0.872624,0.889994,0.884516,0.896992,10 out of 10,9 out of 9,10 out of 10,0.883990,0.910344,0.920868,0.923219,10 out of 10,9 out of 9,10 out of 10,0.841475,0.874425,0.868469,0.844911,1 out of 10,0 out of 9,1 out of 10,0.915127,0.932236,0.935254,0.924093,5 out of 10,0 out of 9,5 out of 10,0.970100,0.979775,0.963201,0.962826,0 out of 10,0 out of 9,0 out of 10,0.025332,0.017946,0.026318,0.030620,0 out of 10,0 out of 9,0 out of 10
YES,2025,330059,MONTEFIORE MEDICAL CENTER,111 EAST 210TH STREET,BRONX,NY,10467,BRONX,0.872624,0.889994,0.884516,0.896992,10 out of 10,9 out of 9,10 out of 10,0.883990,0.910344,0.920868,0.923219,10 out of 10,9 out of 9,10 out of 10,0.841475,0.874425,0.868469,0.844911,1 out of 10,0 out of 9,1 out of 10,0.915127,0.932236,0.935254,0.924093,5 out of 10,0 out of 9,5 out of 10,0.970100,0.979775,0.963201,0.962826,0 out of 10,0 out of 9,0 out of 10,0.025332,0.017946,0.026318,0.030620,0 out of 10,0 out of 9,0 out of 10
YES,2025,330184,MONTEFIORE NEW ROCHELLE HOSPITAL,16 GUION PLACE,NEW ROCHELLE,NY,10802,WESTCHESTER,0.872624,0.889994,0.881781,0.873863,1 out of 10,0 out of 9,1 out of 10,0.883990,0.910344,0.892744,0.863899,0 out of 10,0 out of 9,0 out of 10,0.841475,0.874425,0.832700,0.784315,0 out of 10,0 out of 9,0 out of 10,0.915127,0.932236,0.926905,0.915444,1 out of 10,0 out of 9,1 out of 10,0.970100,0.979775,Not Available,Not Available,Not Available,Not Available,Not Available,0.025332,0.017946,0.021929,0.024737,1 out of 10,0 out of 9,1 out of 10
YES,2025,330104,NYACK HOSPITAL,160 NORTH MIDLAND AVENUE,NYACK,NY,10960,ROCKLAND,0.872624,0.889994,0.874487,0.883516,6 out of 10,5 out of 9,6 out of 10,0.883990,0.910344,0.908514,0.904183,7 out of 10,0 out of 9,7 out of 10,0.841475,0.874425,0.849498,0.825002,0 out of 10,0 out of 9,0 out of 10,0.915127,0.932236,0.908623,0.898296,0 out of 10,0 out of 9,0 out of 10,0.970100,0.979775,Not Available,Not Available,Not Available,Not Available,Not Available,0.025332,0.017946,0.022838,0.022874,3 out of 10,0 out of 9,3 out of 10
YES,2025,330024,MOUNT SINAI HOSPITAL,ONE GUSTAVE L LEVY PLACE,NEW YORK,NY,10029,NEW YORK,0.872624,0.889994,0.882822,0.880068,4 out of 10,0 out of 9,4 out of 10,0.883990,0.910344,0.914363,0.910907,10 out of 10,0 out of 9,10 out of 10,0.841475,0.874425,0.865902,0.846855,2 out of 10,0 out of 9,2 out of 10,0.915127,0.932236,0.925552,0.909524,0 out of 10,0 out of 9,0 out of 10,0.970100,0.979775,0.978234,0.979905,10 out of 10,9 out of 9,10 out of 10,0.025332,0.017946,0.032153,0.029234,0 out of 10,2 out of 9,2 out of 10
YES,2025,330169,MOUNT SINAI BETH ISRAEL,FIRST AVENUE AT 16TH STREET,NEW YORK,NY,10003,NEW YORK,0.872624,0.889994,0.880600,0.879952,4 out of 10,0 out of 9,4 out of 10,0.883990,0.910344,0.925049,0.915937,10 out of 10,0 out of 9,10 out of 10,0.841475,0.874425,0.849164,0.841070,0 out of 10,0 out of 9,0 out of 10,0.915127,0.932236,0.911888,0.912765,0 out of 10,0 out of 9,0 out of 10,0.970100,0.979775,0.975792,Not Available,Not Available,Not Available,Not Available,0.025332,0.017946,0.023078,Not Available,Not Available,Not Available,Not Available
YES,2025,330019,"NEW YORK COMMUNITY HOSPITAL OF BROOKLYN, INC.",2525 KINGS HIGHWAY,BROOKLYN,NY,11229,KINGS,0.872624,0.889994,0.886234,0.872423,0 out of 10,0 out of 9,0 out of 10,0.883990,0.910344,0.911192,0.883853,0 out of 10,0 out of 9,0 out of 10,0.841475,0.874425,0.845381,0.793670,0 out of 10,0 out of 9,0 out of 10,0.915127,0.932236,0.930461,0.917942,2 out of 10,0 out of 9,2 out of 10,0.970100,0.979775,Not Available,Not Available,Not Available,Not Available,Not Available,0.025332,0.017946,Not Available,Not Available,Not Available,Not Available,Not Available
YES,2025,330024,MOUNT SINAI HOSPITAL,ONE GUSTAVE L LEVY PLACE,NEW YORK,NY,10029,NEW YORK,0.872624,0.889994,0.882822,0.880068,4 out of 10,0 out of 9,4 out of 10,0.883990,0.910344,0.914363,0.910907,10 out of 10,0 out of 9,10 out of 10,0.841475,0.874425,0.865902,0.846855,2 out of 10,0 out of 9,2 out of 10,0.915127,0.932236,0.925552,0.909524,0 out of 10,0 out of 9,0 out of 10,0.970100,0.979775,0.978234,0.979905,10 out of 10,9 out of 9,10 out of 10,0.025332,0.017946,0.032153,0.029234,0 out of 10,2 out of 9,2 out of 10
YES,2025,330024,MOUNT SINAI HOSPITAL,ONE GUSTAVE L LEVY PLACE,NEW YORK,NY,10029,NEW YORK,0.872624,0.889994,0.882822,0.880068,4 out of 10,0 out of 9,4 out of 10,0.883990,0.910344,0.914363,0.910907,10 out of 10,0 out of 9,10 out of 10,0.841475,0.874425,0.865902,0.846855,2 out of 10,0 out of 9,2 out of 10,0.915127,0.932236,0.925552,0.909524,0 out of 10,0 out of 9,0 out of 10,0.970100,0.979775,0.978234,0.979905,10 out of 10,9 out of 9,10 out of 10,0.025332,0.017946,0.032153,0.029234,0 out of 10,2 out of 9,2 out of 10
YES,2025,330198,MOUNT SINAI SOUTH NASSAU,ONE HEALTHY WAY,OCEANSIDE,NY,11572,NASSAU,0.872624,0.889994,0.880853,0.887512,8 out of 10,7 out of 9,8 out of 10,0.883990,0.910344,0.879301,0.898882,6 out of 10,6 out of 9,6 out of 10,0.841475,0.874425,0.843768,0.828224,0 out of 10,0 out of 9,0 out of 10,0.915127,0.932236,0.919354,0.911307,0 out of 10,0 out of 9,0 out of 10,0.970100,0.979775,Not Available,Not Available,Not Available,Not Available,Not Available,0.025332,0.017946,0.017633,0.027188,0 out of 10,0 out of 9,0 out of 10
YES,2025,330024,MOUNT SINAI HOSPITAL,ONE GUSTAVE L LEVY PLACE,NEW YORK,NY,10029,NEW YORK,0.872624,0.889994,0.882822,0.880068,4 out of 10,0 out of 9,4 out of 10,0.883990,0.910344,0.914363,0.910907,10 out of 10,0 out of 9,10 out of 10,0.841475,0.874425,0.865902,0.846855,2 out of 10,0 out of 9,2 out of 10,0.915127,0.932236,0.925552,0.909524,0 out of 10,0 out of 9,0 out of 10,0.970100,0.979775,0.978234,0.979905,10 out of 10,9 out of 9,10 out of 10,0.025332,0.017946,0.032153,0.029234,0 out of 10,2 out of 9,2 out of 10
YES,2025,330188,MOUNT ST. MARY'S HOSPITAL & HEALTH CENTER,5300 MILITARY ROAD,LEWISTON,NY,14092,NIAGARA,0.872624,0.889994,0.870713,Not Available,Not Available,Not Available,Not Available,0.883990,0.910344,0.885069,0.860894,0 out of 10,0 out of 9,0 out of 10,0.841475,0.874425,0.850035,0.813890,0 out of 10,0 out of 9,0 out of 10,0.915127,0.932236,0.917498,0.904643,0 out of 10,0 out of 9,0 out of 10,0.970100,0.979775,Not Available,Not Available,Not Available,Not Available,Not Available,0.025332,0.017946,0.026268,Not Available,Not Available,Not Available,Not Available
YES,2025,330027,NASSAU UNIVERSITY MEDICAL CENTER,2201 HEMPSTEAD TURNPIKE,EAST MEADOW,NY,11554,NASSAU,0.872624,0.889994,0.876134,0.873973,1 out of 10,0 out of 9,1 out of 10,0.883990,0.910344,0.888257,0.883533,0 out of 10,0 out of 9,0 out of 10,0.841475,0.874425,0.786942,0.772432,0 out of 10,0 out of 9,0 out of 10,0.915127,0.932236,0.914121,0.871998,0 out of 10,0 out of 9,0 out of 10,0.970100,0.979775,Not Available,Not Available,Not Available,Not Available,Not Available,0.025332,0.017946,Not Available,Not Available,Not Available,Not Available,Not Available
YES,2025,330276,NATHAN LITTAUER HOSPITAL,99 EAST STATE STREET,GLOVERSVILLE,NY,12078,FULTON,0.872624,0.889994,Not Available,Not Available,Not Available,Not Available,Not Available,0.883990,0.910344,0.899868,0.872419,0 out of 10,0 out of 9,0 out of 10,0.841475,0.874425,0.836238,0.788662,0 out of 10,0 out of 9,0 out of 10,0.915127,0.932236,0.908934,0.882467,0 out of 10,0 out of 9,0 out of 10,0.970100,0.979775,Not Available,Not Available,Not Available,Not Available,Not Available,0.025332,0.017946,0.022472,Not Available,Not Available,Not Available,Not Available
YES,2025,330024,MOUNT SINAI HOSPITAL,ONE GUSTAVE L LEVY PLACE,NEW YORK,NY,10029,NEW YORK,0.872624,0.889994,0.882822,0.880068,4 out of 10,0 out of 9,4 out of 10,0.883990,0.910344,0.914363,0.910907,10 out of 10,0 out of 9,10 out of 10,0.841475,0.874425,0.865902,0.846855,2 out of 10,0 out of 9,2 out of 10,0.915127,0.932236,0.925552,0.909524,0 out of 10,0 out of 9,0 out of 10,0.970100,0.979775,0.978234,0.979905,10 out of 10,9 out of 9,10 out of 10,0.025332,0.017946,0.032153,0.029234,0 out of 10,2 out of 9,2 out of 10
YES,2025,330019,"NEW YORK COMMUNITY HOSPITAL OF BROOKLYN, INC.",2525 KINGS HIGHWAY,BROOKLYN,NY,11229,KINGS,0.872624,0.889994,0.886234,0.872423,0 out of 10,0 out of 9,0 out of 10,0.883990,0.910344,0.911192,0.883853,0 out of 10,0 out of 9,0 out of 10,0.841475,0.874425,0.845381,0.793670,0 out of 10,0 out of 9,0 out of 10,0.915127,0.932236,0.930461,0.917942,2 out of 10,0 out of 9,2 out of 10,0.970100,0.979775,Not Available,Not Available,Not Available,Not Available,Not Available,0.025332,0.017946,Not Available,Not Available,Not Available,Not Available,Not Available
YES,2025,330101,NEW YORK-PRESBYTERIAN HOSPITAL,525 EAST 68TH STREET,NEW YORK,NY,10065,NEW YORK,0.872624,0.889994,0.898506,0.903332,10 out of 10,9 out of 9,10 out of 10,0.883990,0.910344,0.919150,0.919974,10 out of 10,9 out of 9,10 out of 10,0.841475,0.874425,0.875822,0.863966,7 out of 10,0 out of 9,7 out of 10,0.915127,0.932236,0.941478,0.937852,10 out of 10,0 out of 9,10 out of 10,0.970100,0.979775,0.986630,0.981916,10 out of 10,0 out of 9,10 out of 10,0.025332,0.017946,0.027578,0.022720,4 out of 10,5 out of 9,5 out of 10
YES,2025,330101,NEW YORK-PRESBYTERIAN HOSPITAL,525 EAST 68TH STREET,NEW YORK,NY,10065,NEW YORK,0.872624,0.889994,0.898506,0.903332,10 out of 10,9 out of 9,10 out of 10,0.883990,0.910344,0.919150,0.919974,10 out of 10,9 out of 9,10 out of 10,0.841475,0.874425,0.875822,0.863966,7 out of 10,0 out of 9,7 out of 10,0.915127,0.932236,0.941478,0.937852,10 out of 10,0 out of 9,10 out of 10,0.970100,0.979775,0.986630,0.981916,10 out of 10,0 out of 9,10 out of 10,0.025332,0.017946,0.027578,0.022720,4 out of 10,5 out of 9,5 out of 10
YES,2025,330101,NEW YORK-PRESBYTERIAN HOSPITAL,525 EAST 68TH STREET,NEW YORK,NY,10065,NEW YORK,0.872624,0.889994,0.898506,0.903332,10 out of 10,9 out of 9,10 out of 10,0.883990,0.910344,0.919150,0.919974,10 out of 10,9 out of 9,10 out of 10,0.841475,0.874425,0.875822,0.863966,7 out of 10,0 out of 9,7 out of 10,0.915127,0.932236,0.941478,0.937852,10 out of 10,0 out of 9,10 out of 10,0.970100,0.979775,0.986630,0.981916,10 out of 10,0 out of 9,10 out of 10,0.025332,0.017946,0.027578,0.022720,4 out of 10,5 out of 9,5 out of 10
YES,2025,330101,NEW YORK-PRESBYTERIAN HOSPITAL,525 EAST 68TH STREET,NEW YORK,NY,10065,NEW YORK,0.872624,0.889994,0.898506,0.903332,10 out of 10,9 out of 9,10 out of 10,0.883990,0.910344,0.919150,0.919974,10 out of 10,9 out of 9,10 out of 10,0.841475,0.874425,0.875822,0.863966,7 out of 10,0 out of 9,7 out of 10,0.915127,0.932236,0.941478,0.937852,10 out of 10,0 out of 9,10 out of 10,0.970100,0.979775,0.986630,0.981916,10 out of 10,0 out of 9,10 out of 10,0.025332,0.017946,0.027578,0.022720,4 out of 10,5 out of 9,5 out of 10
YES,2025,330267,HUDSON VALLEY HOSPITAL CENTER,1980 CROMPOND ROAD,CORTLANDT MANOR,NY,10567,WESTCHESTER,0.872624,0.889994,0.869051,0.881153,5 out of 10,5 out of 9,5 out of 10,0.883990,0.910344,0.895877,0.882973,0 out of 10,0 out of 9,0 out of 10,0.841475,0.874425,0.824901,0.838891,0 out of 10,2 out of 9,2 out of 10,0.915127,0.932236,0.917851,0.901471,0 out of 10,0 out of 9,0 out of 10,0.970100,0.979775,Not Available,Not Available,Not Available,Not Available,Not Available,0.025332,0.017946,0.023043,0.028393,0 out of 10,0 out of 9,0 out of 10
YES,2025,330101,NEW YORK-PRESBYTERIAN HOSPITAL,525 EAST 68TH STREET,NEW YORK,NY,10065,NEW YORK,0.872624,0.889994,0.898506,0.903332,10 out of 10,9 out of 9,10 out of 10,0.883990,0.910344,0.919150,0.919974,10 out of 10,9 out of 9,10 out of 10,0.841475,0.874425,0.875822,0.863966,7 out of 10,0 out of 9,7 out of 10,0.915127,0.932236,0.941478,0.937852,10 out of 10,0 out of 9,10 out of 10,0.970100,0.979775,0.986630,0.981916,10 out of 10,0 out of 9,10 out of 10,0.025332,0.017946,0.027578,0.022720,4 out of 10,5 out of 9,5 out of 10
YES,2025,330055,NEW YORK-PRESBYTERIAN/QUEENS,56-45 MAIN STREET,FLUSHING,NY,11355,QUEENS,0.872624,0.889994,0.878936,0.872627,1 out of 10,0 out of 9,1 out of 10,0.883990,0.910344,0.893965,0.895574,4 out of 10,0 out of 9,4 out of 10,0.841475,0.874425,0.852109,0.836560,0 out of 10,0 out of 9,0 out of 10,0.915127,0.932236,0.926599,0.926237,6 out of 10,0 out of 9,6 out of 10,0.970100,0.979775,0.973054,Not Available,Not Available,Not Available,Not Available,0.025332,0.017946,0.021953,0.026319,0 out of 10,0 out of 9,0 out of 10
YES,2025,330030,NEWARK-WAYNE COMMUNITY HOSPITAL,111 DRIVING PARK AVENUE,NEWARK,NY,14513,WAYNE,0.872624,0.889994,0.878229,Not Available,Not Available,Not Available,Not Available,0.883990,0.910344,0.899010,0.886828,1 out of 10,0 out of 9,1 out of 10,0.841475,0.874425,0.856506,0.846497,2 out of 10,0 out of 9,2 out of 10,0.915127,0.932236,0.923396,0.909460,0 out of 10,0 out of 9,0 out of 10,0.970100,0.979775,Not Available,Not Available,Not Available,Not Available,Not Available,0.025332,0.017946,0.031242,Not Available,Not Available,Not Available,Not Available
YES,2025,330065,NIAGARA FALLS MEMORIAL MEDICAL CENTER,621 TENTH STREET,NIAGARA FALLS,NY,14302,NIAGARA,0.872624,0.889994,0.872186,0.865586,0 out of 10,0 out of 9,0 out of 10,0.883990,0.910344,0.868182,0.865420,0 out of 10,0 out of 9,0 out of 10,0.841475,0.874425,0.839713,0.793545,0 out of 10,0 out of 9,0 out of 10,0.915127,0.932236,0.900784,0.891388,0 out of 10,0 out of 9,0 out of 10,0.970100,0.979775,Not Available,Not Available,Not Available,Not Available,Not Available,0.025332,0.017946,Not Available,Not Available,Not Available,Not Available,Not Available
YES,2025,330238,NICHOLAS H NOYES MEMORIAL HOSPITAL,111  CLARA BARTON STREET,DANSVILLE,NY,14437,LIVINGSTON,0.872624,0.889994,Not Available,Not Available,Not Available,Not Available,Not Available,0.883990,0.910344,0.891864,0.888201,2 out of 10,0 out of 9,2 out of 10,0.841475,0.874425,0.866288,0.813697,0 out of 10,0 out of 9,0 out of 10,0.915127,0.932236,0.899500,0.878841,0 out of 10,0 out of 9,0 out of 10,0.970100,0.979775,Not Available,Not Available,Not Available,Not Available,Not Available,0.025332,0.017946,0.025587,0.025356,0 out of 10,0 out of 9,0 out of 10
YES,2025,330106,NORTH SHORE UNIVERSITY HOSPITAL,300 COMMUNITY DRIVE,MANHASSET,NY,11030,NASSAU,0.872624,0.889994,0.886476,0.894746,10 out of 10,9 out of 9,10 out of 10,0.883990,0.910344,0.911803,0.912291,10 out of 10,9 out of 9,10 out of 10,0.841475,0.874425,0.864246,0.865049,7 out of 10,0 out of 9,7 out of 10,0.915127,0.932236,0.915483,0.920187,3 out of 10,2 out of 9,3 out of 10,0.970100,0.979775,0.983781,0.987899,10 out of 10,9 out of 9,10 out of 10,0.025332,0.017946,0.026128,0.019892,7 out of 10,7 out of 9,7 out of 10
YES,2025,330049,NORTHERN DUTCHESS HOSPITAL,6511 SPRINGBROOK AVENUE,RHINEBECK,NY,12572,DUTCHESS,0.872624,0.889994,0.871263,0.863626,0 out of 10,0 out of 9,0 out of 10,0.883990,0.910344,0.884096,0.899816,6 out of 10,5 out of 9,6 out of 10,0.841475,0.874425,0.846988,0.833658,0 out of 10,0 out of 9,0 out of 10,0.915127,0.932236,0.910140,0.918498,2 out of 10,3 out of 9,3 out of 10,0.970100,0.979775,Not Available,Not Available,Not Available,Not Available,Not Available,0.025332,0.017946,0.018087,0.038199,0 out of 10,0 out of 9,0 out of 10
YES,2025,330162,NORTHERN WESTCHESTER HOSPITAL,400 EAST MAIN STREET,MOUNT KISCO,NY,10549,WESTCHESTER,0.872624,0.889994,0.875700,0.886533,8 out of 10,7 out of 9,8 out of 10,0.883990,0.910344,0.900947,0.896288,5 out of 10,0 out of 9,5 out of 10,0.841475,0.874425,0.870671,0.837994,0 out of 10,0 out of 9,0 out of 10,0.915127,0.932236,0.930179,0.920013,3 out of 10,0 out of 9,3 out of 10,0.970100,0.979775,Not Available,Not Available,Not Available,Not Available,Not Available,0.025332,0.017946,0.031473,0.022474,4 out of 10,6 out of 9,6 out of 10
YES,2025,330056,BROOKLYN HOSPITAL CENTER - DOWNTOWN CAMPUS,121 DEKALB AVENUE,BROOKLYN,NY,11201,KINGS,0.872624,0.889994,0.872197,0.888762,9 out of 10,9 out of 9,9 out of 10,0.883990,0.910344,0.887065,0.897977,5 out of 10,4 out of 9,5 out of 10,0.841475,0.874425,0.811787,0.790545,0 out of 10,0 out of 9,0 out of 10,0.915127,0.932236,0.922765,0.909544,0 out of 10,0 out of 9,0 out of 10,0.970100,0.979775,Not Available,Not Available,Not Available,Not Available,Not Available,0.025332,0.017946,0.025191,0.025236,1 out of 10,0 out of 9,1 out of 10
YES,2025,330141,LONG ISLAND COMMUNITY HOSPITAL,101 HOSPITAL ROAD,PATCHOGUE,NY,11772,SUFFOLK,0.872624,0.889994,0.893012,0.880493,5 out of 10,0 out of 9,5 out of 10,0.883990,0.910344,0.894483,0.885266,1 out of 10,0 out of 9,1 out of 10,0.841475,0.874425,0.844952,0.813218,0 out of 10,0 out of 9,0 out of 10,0.915127,0.932236,0.923713,0.907179,0 out of 10,0 out of 9,0 out of 10,0.970100,0.979775,Not Available,Not Available,Not Available,Not Available,Not Available,0.025332,0.017946,0.026960,0.027939,0 out of 10,0 out of 9,0 out of 10
YES,2025,330214,NYU LANGONE HOSPITALS,550 FIRST AVENUE,NEW YORK,NY,10016,NEW YORK,0.872624,0.889994,0.880077,0.921928,10 out of 10,9 out of 9,10 out of 10,0.883990,0.910344,0.912007,0.935676,10 out of 10,9 out of 9,10 out of 10,0.841475,0.874425,0.883213,0.893566,10 out of 10,9 out of 9,10 out of 10,0.915127,0.932236,0.932063,0.943530,10 out of 10,9 out of 9,10 out of 10,0.970100,0.979775,0.967522,0.985642,10 out of 10,9 out of 9,10 out of 10,0.025332,0.017946,0.020504,0.022511,4 out of 10,0 out of 9,4 out of 10
YES,2025,330214,NYU LANGONE HOSPITALS,550 FIRST AVENUE,NEW YORK,NY,10016,NEW YORK,0.872624,0.889994,0.880077,0.921928,10 out of 10,9 out of 9,10 out of 10,0.883990,0.910344,0.912007,0.935676,10 out of 10,9 out of 9,10 out of 10,0.841475,0.874425,0.883213,0.893566,10 out of 10,9 out of 9,10 out of 10,0.915127,0.932236,0.932063,0.943530,10 out of 10,9 out of 9,10 out of 10,0.970100,0.979775,0.967522,0.985642,10 out of 10,9 out of 9,10 out of 10,0.025332,0.017946,0.020504,0.022511,4 out of 10,0 out of 9,4 out of 10
YES,2025,330218,OSWEGO HOSPITAL,110 WEST SIXTH STREET,OSWEGO,NY,13126,OSWEGO,0.872624,0.889994,0.885998,Not Available,Not Available,Not Available,Not Available,0.883990,0.910344,0.864976,0.869048,0 out of 10,0 out of 9,0 out of 10,0.841475,0.874425,0.832684,0.769868,0 out of 10,0 out of 9,0 out of 10,0.915127,0.932236,0.911519,0.904967,0 out of 10,0 out of 9,0 out of 10,0.970100,0.979775,Not Available,Not Available,Not Available,Not Available,Not Available,0.025332,0.017946,0.027757,Not Available,Not Available,Not Available,Not Available
YES,2025,330107,PECONIC BAY MEDICAL CENTER,1 HEROS WAY,RIVERHEAD,NY,11901,SUFFOLK,0.872624,0.889994,0.873699,0.885732,7 out of 10,7 out of 9,7 out of 10,0.883990,0.910344,0.880930,0.877734,0 out of 10,0 out of 9,0 out of 10,0.841475,0.874425,0.831953,0.821327,0 out of 10,0 out of 9,0 out of 10,0.915127,0.932236,0.926248,0.901731,0 out of 10,0 out of 9,0 out of 10,0.970100,0.979775,Not Available,Not Available,Not Available,Not Available,Not Available,0.025332,0.017946,0.020675,0.015171,10 out of 10,9 out of 9,10 out of 10
YES,2025,330261,PHELPS HOSPITAL,701 N BROADWAY,SLEEPY HOLLOW,NY,10591,WESTCHESTER,0.872624,0.889994,0.859923,0.883081,6 out of 10,7 out of 9,7 out of 10,0.883990,0.910344,0.905880,0.892666,3 out of 10,0 out of 9,3 out of 10,0.841475,0.874425,0.855923,0.808032,0 out of 10,0 out of 9,0 out of 10,0.915127,0.932236,0.903194,0.905423,0 out of 10,0 out of 9,0 out of 10,0.970100,0.979775,Not Available,Not Available,Not Available,Not Available,Not Available,0.025332,0.017946,0.018579,0.023742,2 out of 10,0 out of 9,2 out of 10
YES,2025,330331,PLAINVIEW HOSPITAL,888 OLD COUNTRY ROAD,PLAINVIEW,NY,11803,NASSAU,0.872624,0.889994,0.876227,0.883218,6 out of 10,5 out of 9,6 out of 10,0.883990,0.910344,0.893079,0.899433,6 out of 10,3 out of 9,6 out of 10,0.841475,0.874425,0.845618,0.835581,0 out of 10,0 out of 9,0 out of 10,0.915127,0.932236,0.921443,0.914424,0 out of 10,0 out of 9,0 out of 10,0.970100,0.979775,Not Available,Not Available,Not Available,Not Available,Not Available,0.025332,0.017946,0.027099,0.029085,0 out of 10,0 out of 9,0 out of 10
YES,2025,330273,PUTNAM HOSPITAL CENTER,670 STONELEIGH AVENUE,CARMEL,NY,10512,PUTNAM,0.872624,0.889994,0.869656,Not Available,Not Available,Not Available,Not Available,0.883990,0.910344,0.901959,0.896454,5 out of 10,0 out of 9,5 out of 10,0.841475,0.874425,0.837960,0.841454,0 out of 10,0 out of 9,0 out of 10,0.915127,0.932236,0.920346,0.901305,0 out of 10,0 out of 9,0 out of 10,0.970100,0.979775,Not Available,Not Available,Not Available,Not Available,Not Available,0.025332,0.017946,0.025984,Not Available,Not Available,Not Available,Not Available
YES,2025,330231,QUEENS HOSPITAL CENTER,82-68 164TH STREET,JAMAICA,NY,11432,QUEENS,0.872624,0.889994,0.870101,0.872676,1 out of 10,1 out of 9,1 out of 10,0.883990,0.910344,0.880007,0.897809,5 out of 10,5 out of 9,5 out of 10,0.841475,0.874425,0.830428,0.841613,1 out of 10,2 out of 9,2 out of 10,0.915127,0.932236,0.921395,0.896637,0 out of 10,0 out of 9,0 out of 10,0.970100,0.979775,Not Available,Not Available,Not Available,Not Available,Not Available,0.025332,0.017946,Not Available,Not Available,Not Available,Not Available,Not Available
YES,2025,330028,RICHMOND UNIVERSITY MEDICAL CENTER,355 BARD AVENUE,STATEN ISLAND,NY,10310,RICHMOND,0.872624,0.889994,0.881698,0.888123,9 out of 10,7 out of 9,9 out of 10,0.883990,0.910344,0.874145,0.903017,7 out of 10,7 out of 9,7 out of 10,0.841475,0.874425,0.818624,0.822677,0 out of 10,0 out of 9,0 out of 10,0.915127,0.932236,0.918430,0.896744,0 out of 10,0 out of 9,0 out of 10,0.970100,0.979775,Not Available,Not Available,Not Available,Not Available,Not Available,0.025332,0.017946,0.027322,0.029190,0 out of 10,0 out of 9,0 out of 10
YES,2025,330125,ROCHESTER GENERAL HOSPITAL,1425 PORTLAND AVENUE,ROCHESTER,NY,14621,MONROE,0.872624,0.889994,0.879043,0.888457,9 out of 10,8 out of 9,9 out of 10,0.883990,0.910344,0.900165,0.882086,0 out of 10,0 out of 9,0 out of 10,0.841475,0.874425,0.876394,0.834045,0 out of 10,0 out of 9,0 out of 10,0.915127,0.932236,0.914442,0.915208,1 out of 10,0 out of 9,1 out of 10,0.970100,0.979775,0.972671,0.978043,8 out of 10,7 out of 9,8 out of 10,0.025332,0.017946,0.026749,0.030883,0 out of 10,0 out of 9,0 out of 10
YES,2025,330215,"ROME MEMORIAL HOSPITAL, INC",1500 NORTH JAMES STREET,ROME,NY,13440,ONEIDA,0.872624,0.889994,0.873234,Not Available,Not Available,Not Available,Not Available,0.883990,0.910344,0.878327,0.853927,0 out of 10,0 out of 9,0 out of 10,0.841475,0.874425,0.834638,0.806529,0 out of 10,0 out of 9,0 out of 10,0.915127,0.932236,0.905581,0.890783,0 out of 10,0 out of 9,0 out of 10,0.970100,0.979775,Not Available,Not Available,Not Available,Not Available,Not Available,0.025332,0.017946,Not Available,Not Available,Not Available,Not Available,Not Available
YES,2025,330180,"SAMARITAN HOSPITAL OF TROY, NEW YORK",2215 BURDETT AVENUE,TROY,NY,12180,RENSSELAER,0.872624,0.889994,0.877189,0.875826,2 out of 10,0 out of 9,2 out of 10,0.883990,0.910344,0.880659,0.874935,0 out of 10,0 out of 9,0 out of 10,0.841475,0.874425,0.808647,0.837560,0 out of 10,4 out of 9,4 out of 10,0.915127,0.932236,0.911801,0.875699,0 out of 10,0 out of 9,0 out of 10,0.970100,0.979775,Not Available,Not Available,Not Available,Not Available,Not Available,0.025332,0.017946,0.030750,Not Available,Not Available,Not Available,Not Available
YES,2025,330157,SAMARITAN MEDICAL CENTER,830 WASHINGTON STREET,WATERTOWN,NY,13601,JEFFERSON,0.872624,0.889994,0.839263,Not Available,Not Available,Not Available,Not Available,0.883990,0.910344,0.879015,0.868826,0 out of 10,0 out of 9,0 out of 10,0.841475,0.874425,0.857365,0.814124,0 out of 10,0 out of 9,0 out of 10,0.915127,0.932236,0.926134,0.881953,0 out of 10,0 out of 9,0 out of 10,0.970100,0.979775,Not Available,Not Available,Not Available,Not Available,Not Available,0.025332,0.017946,0.024561,0.024237,2 out of 10,0 out of 9,2 out of 10
YES,2025,330222,SARATOGA HOSPITAL,211 CHURCH STREET,SARATOGA SPRINGS,NY,12866,SARATOGA,0.872624,0.889994,0.858560,0.877498,3 out of 10,6 out of 9,6 out of 10,0.883990,0.910344,0.870723,0.842350,0 out of 10,0 out of 9,0 out of 10,0.841475,0.874425,0.839393,0.836517,0 out of 10,0 out of 9,0 out of 10,0.915127,0.932236,0.928560,0.915567,1 out of 10,0 out of 9,1 out of 10,0.970100,0.979775,Not Available,Not Available,Not Available,Not Available,Not Available,0.025332,0.017946,0.030517,0.028004,0 out of 10,1 out of 9,1 out of 10
YES,2025,330399,ST BARNABAS HOSPITAL,4422 THIRD AVENUE,BRONX,NY,10457,BRONX,0.872624,0.889994,Not Available,Not Available,Not Available,Not Available,Not Available,0.883990,0.910344,0.875995,0.894053,4 out of 10,5 out of 9,5 out of 10,0.841475,0.874425,0.839150,0.797254,0 out of 10,0 out of 9,0 out of 10,0.915127,0.932236,0.924143,Not Available,Not Available,Not Available,Not Available,0.970100,0.979775,Not Available,Not Available,Not Available,Not Available,Not Available,0.025332,0.017946,Not Available,Not Available,Not Available,Not Available,Not Available
YES,2025,330078,SISTERS OF CHARITY HOSPITAL,2157 MAIN STREET,BUFFALO,NY,14214,ERIE,0.872624,0.889994,0.866169,Not Available,Not Available,Not Available,Not Available,0.883990,0.910344,0.871119,0.869722,0 out of 10,0 out of 9,0 out of 10,0.841475,0.874425,0.820227,0.852002,3 out of 10,5 out of 9,5 out of 10,0.915127,0.932236,0.918059,0.906115,0 out of 10,0 out of 9,0 out of 10,0.970100,0.979775,Not Available,Not Available,Not Available,Not Available,Not Available,0.025332,0.017946,0.022484,Not Available,Not Available,Not Available,Not Available
YES,2025,330208,ST JOHN'S RIVERSIDE HOSPITAL,976 NORTH BROADWAY,YONKERS,NY,10701,WESTCHESTER,0.872624,0.889994,0.870566,0.880804,5 out of 10,5 out of 9,5 out of 10,0.883990,0.910344,0.894413,0.905630,8 out of 10,7 out of 9,8 out of 10,0.841475,0.874425,0.853133,0.839256,0 out of 10,0 out of 9,0 out of 10,0.915127,0.932236,0.918992,0.907977,0 out of 10,0 out of 9,0 out of 10,0.970100,0.979775,Not Available,Not Available,Not Available,Not Available,Not Available,0.025332,0.017946,0.037481,0.022955,3 out of 10,7 out of 9,7 out of 10
YES,2025,330096,JONES MEMORIAL HOSPITAL,191 NORTH MAIN STREET,WELLSVILLE,NY,14895,ALLEGANY,0.872624,0.889994,Not Available,Not Available,Not Available,Not Available,Not Available,0.883990,0.910344,0.866537,0.898290,5 out of 10,7 out of 9,7 out of 10,0.841475,0.874425,0.791428,0.831606,0 out of 10,4 out of 9,4 out of 10,0.915127,0.932236,0.896130,0.903436,0 out of 10,2 out of 9,2 out of 10,0.970100,0.979775,Not Available,Not Available,Not Available,Not Available,Not Available,0.025332,0.017946,Not Available,Not Available,Not Available,Not Available,Not Available
YES,2025,330196,SOUTH BROOKLYN HEALTH,2601 OCEAN PARKWAY,BROOKLYN,NY,11235,KINGS,0.872624,0.889994,0.874603,0.876874,3 out of 10,1 out of 9,3 out of 10,0.883990,0.910344,0.904835,0.892821,4 out of 10,0 out of 9,4 out of 10,0.841475,0.874425,0.828539,0.805021,0 out of 10,0 out of 9,0 out of 10,0.915127,0.932236,0.913534,0.899986,0 out of 10,0 out of 9,0 out of 10,0.970100,0.979775,Not Available,Not Available,Not Available,Not Available,Not Available,0.025332,0.017946,Not Available,Not Available,Not Available,Not Available,Not Available
YES,2025,330043,NS/LIJ HS SOUTHSIDE HOSPITAL,301 EAST MAIN STREET,BAY SHORE,NY,11706,SUFFOLK,0.872624,0.889994,0.860798,0.875616,2 out of 10,5 out of 9,5 out of 10,0.883990,0.910344,0.894429,0.879946,0 out of 10,0 out of 9,0 out of 10,0.841475,0.874425,0.813216,0.827908,0 out of 10,2 out of 9,2 out of 10,0.915127,0.932236,0.923898,0.910968,0 out of 10,0 out of 9,0 out of 10,0.970100,0.979775,0.976191,0.983001,10 out of 10,9 out of 9,10 out of 10,0.025332,0.017946,0.024448,0.018899,8 out of 10,8 out of 9,8 out of 10
YES,2025,330205,ST ANTHONY COMMUNITY HOSPITAL,15 MAPLE AVENUE -19,WARWICK,NY,10990,ORANGE,0.872624,0.889994,0.874581,0.877963,3 out of 10,2 out of 9,3 out of 10,0.883990,0.910344,0.878872,0.867457,0 out of 10,0 out of 9,0 out of 10,0.841475,0.874425,0.834904,0.808652,0 out of 10,0 out of 9,0 out of 10,0.915127,0.932236,0.922697,0.901112,0 out of 10,0 out of 9,0 out of 10,0.970100,0.979775,Not Available,Not Available,Not Available,Not Available,Not Available,0.025332,0.017946,0.023770,0.027368,0 out of 10,0 out of 9,0 out of 10
YES,2025,330401,ST CATHERINE OF SIENA HOSPITAL MEDICAL CENTER,50 ROUTE 25A,SMITHTOWN,NY,11787,SUFFOLK,0.872624,0.889994,0.891537,0.885978,7 out of 10,0 out of 9,7 out of 10,0.883990,0.910344,0.893576,0.889484,2 out of 10,0 out of 9,2 out of 10,0.841475,0.874425,0.865575,0.826712,0 out of 10,0 out of 9,0 out of 10,0.915127,0.932236,0.919134,0.900193,0 out of 10,0 out of 9,0 out of 10,0.970100,0.979775,Not Available,Not Available,Not Available,Not Available,Not Available,0.025332,0.017946,0.025121,0.031684,0 out of 10,0 out of 9,0 out of 10
YES,2025,330264,ST LUKE'S CORNWALL HOSPITAL,70 DUBOIS STREET,NEWBURGH,NY,12550,ORANGE,0.872624,0.889994,0.872460,0.879973,4 out of 10,4 out of 9,4 out of 10,0.883990,0.910344,0.888627,0.880800,0 out of 10,0 out of 9,0 out of 10,0.841475,0.874425,0.829664,0.807517,0 out of 10,0 out of 9,0 out of 10,0.915127,0.932236,0.915147,0.914305,0 out of 10,0 out of 9,0 out of 10,0.970100,0.979775,Not Available,Not Available,Not Available,Not Available,Not Available,0.025332,0.017946,0.030925,0.028332,0 out of 10,1 out of 9,1 out of 10
YES,2025,330246,ST CHARLES HOSPITAL,200 BELLE TERRE ROAD,PORT JEFFERSON,NY,11777,SUFFOLK,0.872624,0.889994,0.866667,Not Available,Not Available,Not Available,Not Available,0.883990,0.910344,0.881009,0.885640,1 out of 10,1 out of 9,1 out of 10,0.841475,0.874425,0.862373,0.841183,0 out of 10,0 out of 9,0 out of 10,0.915127,0.932236,0.929712,0.907222,0 out of 10,0 out of 9,0 out of 10,0.970100,0.979775,Not Available,Not Available,Not Available,Not Available,Not Available,0.025332,0.017946,0.025298,0.023284,3 out of 10,2 out of 9,3 out of 10
YES,2025,330182,ST FRANCIS HOSPITAL - THE HEART CENTER,100 PORT WASHINGTON BOULEVARD,ROSLYN,NY,11576,NASSAU,0.872624,0.889994,0.881950,0.895574,10 out of 10,9 out of 9,10 out of 10,0.883990,0.910344,0.912995,0.906285,8 out of 10,0 out of 9,8 out of 10,0.841475,0.874425,0.896652,0.851341,3 out of 10,0 out of 9,3 out of 10,0.915127,0.932236,0.937422,0.931272,9 out of 10,0 out of 9,9 out of 10,0.970100,0.979775,0.980965,0.976186,6 out of 10,0 out of 9,6 out of 10,0.025332,0.017946,0.022678,0.031939,0 out of 10,0 out of 9,0 out of 10
YES,2025,330151,ST JAMES HOSPITAL,7329 SENECA ROAD NORTH,HORNELL,NY,14843,STEUBEN,0.872624,0.889994,Not Available,Not Available,Not Available,Not Available,Not Available,0.883990,0.910344,0.871571,0.879218,0 out of 10,1 out of 9,1 out of 10,0.841475,0.874425,0.865741,0.833100,0 out of 10,0 out of 9,0 out of 10,0.915127,0.932236,0.913159,0.889249,0 out of 10,0 out of 9,0 out of 10,0.970100,0.979775,Not Available,Not Available,Not Available,Not Available,Not Available,0.025332,0.017946,Not Available,Not Available,Not Available,Not Available,Not Available
YES,2025,330332,CHSLI ST JOSEPH HOSPITAL,4295 HEMPSTEAD TURNPIKE,BETHPAGE,NY,11714,NASSAU,0.872624,0.889994,0.855085,0.857537,0 out of 10,0 out of 9,0 out of 10,0.883990,0.910344,0.859717,0.894687,4 out of 10,6 out of 9,6 out of 10,0.841475,0.874425,0.833489,0.792468,0 out of 10,0 out of 9,0 out of 10,0.915127,0.932236,0.915697,0.915310,1 out of 10,0 out of 9,1 out of 10,0.970100,0.979775,Not Available,Not Available,Not Available,Not Available,Not Available,0.025332,0.017946,0.023739,0.032976,0 out of 10,0 out of 9,0 out of 10
YES,2025,330140,ST JOSEPH'S HOSPITAL HEALTH CENTER,301 PROSPECT AVENUE,SYRACUSE,NY,13203,ONONDAGA,0.872624,0.889994,0.886151,0.872315,0 out of 10,0 out of 9,0 out of 10,0.883990,0.910344,0.882602,0.883897,0 out of 10,0 out of 9,0 out of 10,0.841475,0.874425,0.848818,0.817210,0 out of 10,0 out of 9,0 out of 10,0.915127,0.932236,0.912704,0.888819,0 out of 10,0 out of 9,0 out of 10,0.970100,0.979775,0.976698,0.984584,10 out of 10,9 out of 9,10 out of 10,0.025332,0.017946,0.016367,0.025063,1 out of 10,0 out of 9,1 out of 10
YES,2025,330006,ST JOSEPH'S MEDICAL CENTER,127 SOUTH BROADWAY,YONKERS,NY,10701,WESTCHESTER,0.872624,0.889994,0.868262,Not Available,Not Available,Not Available,Not Available,0.883990,0.910344,0.895108,0.883171,0 out of 10,0 out of 9,0 out of 10,0.841475,0.874425,0.842048,0.813004,0 out of 10,0 out of 9,0 out of 10,0.915127,0.932236,0.914382,Not Available,Not Available,Not Available,Not Available,0.970100,0.979775,Not Available,Not Available,Not Available,Not Available,Not Available,0.025332,0.017946,0.026872,Not Available,Not Available,Not Available,Not Available
YES,2025,330047,ST MARY'S HEALTHCARE,427 GUY PARK AVENUE,AMSTERDAM,NY,12010,MONTGOMERY,0.872624,0.889994,0.878858,0.859685,0 out of 10,0 out of 9,0 out of 10,0.883990,0.910344,0.842263,0.868795,0 out of 10,3 out of 9,3 out of 10,0.841475,0.874425,0.820086,0.845832,2 out of 10,4 out of 9,4 out of 10,0.915127,0.932236,0.896524,0.892523,0 out of 10,0 out of 9,0 out of 10,0.970100,0.979775,Not Available,Not Available,Not Available,Not Available,Not Available,0.025332,0.017946,0.018811,Not Available,Not Available,Not Available,Not Available
YES,2025,330047,ST MARY'S HEALTHCARE,427 GUY PARK AVENUE,AMSTERDAM,NY,12010,MONTGOMERY,0.872624,0.889994,0.878858,0.859685,0 out of 10,0 out of 9,0 out of 10,0.883990,0.910344,0.842263,0.868795,0 out of 10,3 out of 9,3 out of 10,0.841475,0.874425,0.820086,0.845832,2 out of 10,4 out of 9,4 out of 10,0.915127,0.932236,0.896524,0.892523,0 out of 10,0 out of 9,0 out of 10,0.970100,0.979775,Not Available,Not Available,Not Available,Not Available,Not Available,0.025332,0.017946,0.018811,Not Available,Not Available,Not Available,Not Available
YES,2025,330057,ST PETER'S HOSPITAL,315 SOUTH MANNING BOULEVARD,ALBANY,NY,12208,ALBANY,0.872624,0.889994,0.875427,0.889981,9 out of 10,9 out of 9,9 out of 10,0.883990,0.910344,0.887982,0.897996,5 out of 10,4 out of 9,5 out of 10,0.841475,0.874425,0.868928,0.841072,0 out of 10,0 out of 9,0 out of 10,0.915127,0.932236,0.914287,0.885892,0 out of 10,0 out of 9,0 out of 10,0.970100,0.979775,0.971773,0.974339,4 out of 10,3 out of 9,4 out of 10,0.025332,0.017946,0.017104,0.031045,0 out of 10,0 out of 9,0 out of 10
YES,2025,330160,STATEN ISLAND UNIVERSITY HOSPITAL,475 SEAVIEW AVENUE,STATEN ISLAND,NY,10305,RICHMOND,0.872624,0.889994,0.872989,0.887720,8 out of 10,8 out of 9,8 out of 10,0.883990,0.910344,0.886482,0.887377,2 out of 10,0 out of 9,2 out of 10,0.841475,0.874425,0.866009,0.830089,0 out of 10,0 out of 9,0 out of 10,0.915127,0.932236,0.917841,0.895508,0 out of 10,0 out of 9,0 out of 10,0.970100,0.979775,0.973600,0.981032,10 out of 10,9 out of 9,10 out of 10,0.025332,0.017946,0.036260,0.031845,0 out of 10,2 out of 9,2 out of 10
YES,2025,330160,STATEN ISLAND UNIVERSITY HOSPITAL,475 SEAVIEW AVENUE,STATEN ISLAND,NY,10305,RICHMOND,0.872624,0.889994,0.872989,0.887720,8 out of 10,8 out of 9,8 out of 10,0.883990,0.910344,0.886482,0.887377,2 out of 10,0 out of 9,2 out of 10,0.841475,0.874425,0.866009,0.830089,0 out of 10,0 out of 9,0 out of 10,0.915127,0.932236,0.917841,0.895508,0 out of 10,0 out of 9,0 out of 10,0.970100,0.979775,0.973600,0.981032,10 out of 10,9 out of 9,10 out of 10,0.025332,0.017946,0.036260,0.031845,0 out of 10,2 out of 9,2 out of 10
YES,2025,330393,SUNY/STONY BROOK UNIVERSITY HOSPITAL,HEALTH SCIENCES CENTER SUNY,STONY BROOK,NY,11794,SUFFOLK,0.872624,0.889994,0.905545,0.873543,1 out of 10,0 out of 9,1 out of 10,0.883990,0.910344,0.920006,0.897498,5 out of 10,0 out of 9,5 out of 10,0.841475,0.874425,0.854175,0.848970,3 out of 10,0 out of 9,3 out of 10,0.915127,0.932236,0.931688,0.935701,10 out of 10,9 out of 9,10 out of 10,0.970100,0.979775,0.977817,0.975496,6 out of 10,0 out of 9,6 out of 10,0.025332,0.017946,0.021919,0.020249,7 out of 10,4 out of 9,7 out of 10
YES,2025,330285,STRONG MEMORIAL HOSPITAL,601 ELMWOOD AVE,ROCHESTER,NY,14642,MONROE,0.872624,0.889994,0.878471,0.875453,2 out of 10,0 out of 9,2 out of 10,0.883990,0.910344,0.877893,0.866582,0 out of 10,0 out of 9,0 out of 10,0.841475,0.874425,0.852760,0.847534,2 out of 10,0 out of 9,2 out of 10,0.915127,0.932236,0.914020,0.898198,0 out of 10,0 out of 9,0 out of 10,0.970100,0.979775,0.979428,0.973454,4 out of 10,0 out of 9,4 out of 10,0.025332,0.017946,Not Available,Not Available,Not Available,Not Available,Not Available
YES,2025,330226,UNITY HOSPITAL,1555 LONG POND ROAD,ROCHESTER,NY,14626,MONROE,0.872624,0.889994,0.862815,0.877691,3 out of 10,5 out of 9,5 out of 10,0.883990,0.910344,0.880675,0.879647,0 out of 10,0 out of 9,0 out of 10,0.841475,0.874425,0.825056,0.833597,0 out of 10,1 out of 9,1 out of 10,0.915127,0.932236,0.908692,0.911316,0 out of 10,1 out of 9,1 out of 10,0.970100,0.979775,Not Available,Not Available,Not Available,Not Available,Not Available,0.025332,0.017946,0.025035,0.036221,0 out of 10,0 out of 9,0 out of 10
YES,2025,330250,CHAMPLAIN VALLEY PHYSICIANS HOSPITAL MEDICAL CTR,75 BEEKMAN STREET,PLATTSBURGH,NY,12901,CLINTON,0.872624,0.889994,0.878914,0.877453,3 out of 10,0 out of 9,3 out of 10,0.883990,0.910344,0.892790,0.870558,0 out of 10,0 out of 9,0 out of 10,0.841475,0.874425,0.860315,0.850980,3 out of 10,0 out of 9,3 out of 10,0.915127,0.932236,0.908557,0.897765,0 out of 10,0 out of 9,0 out of 10,0.970100,0.979775,Not Available,Not Available,Not Available,Not Available,Not Available,0.025332,0.017946,0.024911,0.036514,0 out of 10,0 out of 9,0 out of 10
YES,2025,330394,"UNITED HEALTH SERVICES HOSPITALS, INC",10-42 MITCHELL AVENUE,BINGHAMTON,NY,13903,BROOME,0.872624,0.889994,0.857518,0.859026,0 out of 10,0 out of 9,0 out of 10,0.883990,0.910344,0.845087,0.832889,0 out of 10,0 out of 9,0 out of 10,0.841475,0.874425,0.836067,0.809209,0 out of 10,0 out of 9,0 out of 10,0.915127,0.932236,0.881398,0.889450,0 out of 10,1 out of 9,1 out of 10,0.970100,0.979775,0.965684,0.957427,0 out of 10,0 out of 9,0 out of 10,0.025332,0.017946,0.024211,0.025552,0 out of 10,0 out of 9,0 out of 10
YES,2025,330073,UNITED MEMORIAL MEDICAL CENTER,127 NORTH STREET,BATAVIA,NY,14020,GENESEE,0.872624,0.889994,0.875165,Not Available,Not Available,Not Available,Not Available,0.883990,0.910344,0.855870,0.864656,0 out of 10,1 out of 9,1 out of 10,0.841475,0.874425,0.817275,0.836737,0 out of 10,3 out of 9,3 out of 10,0.915127,0.932236,0.916231,0.897032,0 out of 10,0 out of 9,0 out of 10,0.970100,0.979775,Not Available,Not Available,Not Available,Not Available,Not Available,0.025332,0.017946,0.023913,0.029548,0 out of 10,0 out of 9,0 out of 10
YES,2025,330073,UNITED MEMORIAL MEDICAL CENTER,127 NORTH STREET,BATAVIA,NY,14020,GENESEE,0.872624,0.889994,0.875165,Not Available,Not Available,Not Available,Not Available,0.883990,0.910344,0.855870,0.864656,0 out of 10,1 out of 9,1 out of 10,0.841475,0.874425,0.817275,0.836737,0 out of 10,3 out of 9,3 out of 10,0.915127,0.932236,0.916231,0.897032,0 out of 10,0 out of 9,0 out of 10,0.970100,0.979775,Not Available,Not Available,Not Available,Not Available,Not Available,0.025332,0.017946,0.023913,0.029548,0 out of 10,0 out of 9,0 out of 10
YES,2025,330226,UNITY HOSPITAL,1555 LONG POND ROAD,ROCHESTER,NY,14626,MONROE,0.872624,0.889994,0.862815,0.877691,3 out of 10,5 out of 9,5 out of 10,0.883990,0.910344,0.880675,0.879647,0 out of 10,0 out of 9,0 out of 10,0.841475,0.874425,0.825056,0.833597,0 out of 10,1 out of 9,1 out of 10,0.915127,0.932236,0.908692,0.911316,0 out of 10,1 out of 9,1 out of 10,0.970100,0.979775,Not Available,Not Available,Not Available,Not Available,Not Available,0.025332,0.017946,0.025035,0.036221,0 out of 10,0 out of 9,0 out of 10
YES,2025,330350,SUNY/DOWNSTATE UNIVERSITY HOSPITAL OF BROOKLYN,445 LENOX ROAD,BROOKLYN,NY,11203,KINGS,0.872624,0.889994,0.862404,0.874611,2 out of 10,4 out of 9,4 out of 10,0.883990,0.910344,0.889490,0.890773,3 out of 10,0 out of 9,3 out of 10,0.841475,0.874425,0.866136,0.797743,0 out of 10,0 out of 9,0 out of 10,0.915127,0.932236,0.919378,Not Available,Not Available,Not Available,Not Available,0.970100,0.979775,Not Available,Not Available,Not Available,Not Available,Not Available,0.025332,0.017946,Not Available,0.028604,0 out of 10,Not Available,0 out of 10
YES,2025,330241,UNIVERSITY HOSPITAL S U N Y HEALTH SCIENCE CENTER,750 EAST ADAMS STREET,SYRACUSE,NY,13210,ONONDAGA,0.872624,0.889994,0.854680,0.872804,1 out of 10,5 out of 9,5 out of 10,0.883990,0.910344,0.897535,0.859830,0 out of 10,0 out of 9,0 out of 10,0.841475,0.874425,0.854550,0.852086,3 out of 10,0 out of 9,3 out of 10,0.915127,0.932236,0.919228,0.905847,0 out of 10,0 out of 9,0 out of 10,0.970100,0.979775,0.970244,0.971485,2 out of 10,1 out of 9,2 out of 10,0.025332,0.017946,0.022384,0.022612,4 out of 10,0 out of 9,4 out of 10
YES,2025,330239,UPMC CHAUTAUQUA AT WCA,207 FOOTE AVENUE,JAMESTOWN,NY,14701,CHAUTAUQUA,0.872624,0.889994,0.870042,0.878846,4 out of 10,4 out of 9,4 out of 10,0.883990,0.910344,0.878871,0.883543,0 out of 10,1 out of 9,1 out of 10,0.841475,0.874425,0.826719,0.824860,0 out of 10,0 out of 9,0 out of 10,0.915127,0.932236,0.919535,0.894141,0 out of 10,0 out of 9,0 out of 10,0.970100,0.979775,Not Available,Not Available,Not Available,Not Available,Not Available,0.025332,0.017946,Not Available,0.026948,0 out of 10,Not Available,0 out of 10
YES,2025,330239,UPMC CHAUTAUQUA AT WCA,207 FOOTE AVENUE,JAMESTOWN,NY,14701,CHAUTAUQUA,0.872624,0.889994,0.870042,0.878846,4 out of 10,4 out of 9,4 out of 10,0.883990,0.910344,0.878871,0.883543,0 out of 10,1 out of 9,1 out of 10,0.841475,0.874425,0.826719,0.824860,0 out of 10,0 out of 9,0 out of 10,0.915127,0.932236,0.919535,0.894141,0 out of 10,0 out of 9,0 out of 10,0.970100,0.979775,Not Available,Not Available,Not Available,Not Available,Not Available,0.025332,0.017946,Not Available,0.026948,0 out of 10,Not Available,0 out of 10
YES,2025,330241,UNIVERSITY HOSPITAL S U N Y HEALTH SCIENCE CENTER,750 EAST ADAMS STREET,SYRACUSE,NY,13210,ONONDAGA,0.872624,0.889994,0.854680,0.872804,1 out of 10,5 out of 9,5 out of 10,0.883990,0.910344,0.897535,0.859830,0 out of 10,0 out of 9,0 out of 10,0.841475,0.874425,0.854550,0.852086,3 out of 10,0 out of 9,3 out of 10,0.915127,0.932236,0.919228,0.905847,0 out of 10,0 out of 9,0 out of 10,0.970100,0.979775,0.970244,0.971485,2 out of 10,1 out of 9,2 out of 10,0.025332,0.017946,0.022384,0.022612,4 out of 10,0 out of 9,4 out of 10
YES,2025,330023,VASSAR BROTHERS MEDICAL CENTER,45 READE PLACE,POUGHKEEPSIE,NY,12601,DUTCHESS,0.872624,0.889994,0.887656,0.886894,8 out of 10,0 out of 9,8 out of 10,0.883990,0.910344,0.887092,0.905539,8 out of 10,7 out of 9,8 out of 10,0.841475,0.874425,0.853884,0.834976,0 out of 10,0 out of 9,0 out of 10,0.915127,0.932236,0.897814,0.912371,0 out of 10,4 out of 9,4 out of 10,0.970100,0.979775,0.972433,0.978706,9 out of 10,8 out of 9,9 out of 10,0.025332,0.017946,0.030320,Not Available,Not Available,Not Available,Not Available
YES,2025,330234,WESTCHESTER MEDICAL CENTER,100 WOODS RD,VALHALLA,NY,10595,WESTCHESTER,0.872624,0.889994,0.877677,0.877298,3 out of 10,0 out of 9,3 out of 10,0.883990,0.910344,0.888331,0.867240,0 out of 10,0 out of 9,0 out of 10,0.841475,0.874425,0.810155,0.815960,0 out of 10,0 out of 9,0 out of 10,0.915127,0.932236,0.926527,0.887212,0 out of 10,0 out of 9,0 out of 10,0.970100,0.979775,0.974566,0.980792,10 out of 10,9 out of 9,10 out of 10,0.025332,0.017946,0.024341,0.032099,0 out of 10,0 out of 9,0 out of 10
YES,2025,330304,WHITE PLAINS HOSPITAL CENTER,41 EAST POST R0AD,WHITE PLAINS,NY,10601,WESTCHESTER,0.872624,0.889994,0.883110,0.880978,5 out of 10,0 out of 9,5 out of 10,0.883990,0.910344,0.893003,0.905020,8 out of 10,6 out of 9,8 out of 10,0.841475,0.874425,0.831609,0.863506,7 out of 10,7 out of 9,7 out of 10,0.915127,0.932236,0.925259,0.902725,0 out of 10,0 out of 9,0 out of 10,0.970100,0.979775,Not Available,Not Available,Not Available,Not Available,Not Available,0.025332,0.017946,0.020959,0.017142,10 out of 10,9 out of 9,10 out of 10
YES,2025,330396,WOODHULL MEDICAL & MENTAL HEALTH CENTER,760 BROADWAY,BROOKLYN,NY,11206,KINGS,0.872624,0.889994,Not Available,Not Available,Not Available,Not Available,Not Available,0.883990,0.910344,0.889646,0.894214,4 out of 10,2 out of 9,4 out of 10,0.841475,0.874425,0.849436,0.810600,0 out of 10,0 out of 9,0 out of 10,0.915127,0.932236,0.914564,Not Available,Not Available,Not Available,Not Available,0.970100,0.979775,Not Available,Not Available,Not Available,Not Available,Not Available,0.025332,0.017946,Not Available,Not Available,Not Available,Not Available,Not Available
YES,2025,330221,WYCKOFF HEIGHTS MEDICAL CENTER,374 STOCKHOLM STREET,BROOKLYN,NY,11237,KINGS,0.872624,0.889994,0.875147,0.886743,8 out of 10,7 out of 9,8 out of 10,0.883990,0.910344,0.890518,0.880844,0 out of 10,0 out of 9,0 out of 10,0.841475,0.874425,0.819467,0.789475,0 out of 10,0 out of 9,0 out of 10,0.915127,0.932236,0.913242,0.916789,1 out of 10,1 out of 9,1 out of 10,0.970100,0.979775,Not Available,Not Available,Not Available,Not Available,Not Available,0.025332,0.017946,Not Available,Not Available,Not Available,Not Available,Not Available
